Prolific ID,participant_id,Nudge,Number of tasks tool used,Number of tasks tool not used,Task 1 tool use BOOL,Task 1 changed BOOL,Task 1 completion time DATE,Task 1 start_lines,Task 1 End_lines,Task 1 line_delta,Task 1 issue count,Task 1 high severity count,Task 1 med severity count,Task 1 low severity count,Task 1 high severity diff,Task 1 med severity diff,Task 1 low severity diff,Task 1 issue type ID,Task 1 issue type name,"Task 1 issue change kind [fixed, common, new]",Task 2 tool use BOOL,Task 2 changed BOOL,Task 2 completion time DATE,Task 2 start_lines,Task 2 End_lines,Task 2 line_delta,Task 2 issue count,Task 2 high severity count,Task 2 med severity count,Task 2 low severity count,Task 2 high severity diff,Task 2 med severity diff,Task 2 low severity diff,Task 2 issue type ID,Task 2 issue type name,"Task 2 issue change kind [fixed, common, new]",Task 3 tool use BOOL,Task 3 changed BOOL,Task 3 completion time DATE,Task 3 start_lines,Task 3 End_lines,Task 3 line_delta,Task 3 issue count,Task 3 high severity count,Task 3 med severity count,Task 3 low severity count,Task 3 high severity diff,Task 3 med severity diff,Task 3 low severity diff,Task 3 issue type ID,Task 3 issue type name,"Task 3 issue change kind [fixed, common, new]",Response ID,Date submitted,Last page,Start language,Seed,Date started,Date last action,unnamed_7,"Survey Introduction Thank you for your interest! This online survey is part of a study conducted by the University of British Columbia (UBC, Canada), and the Institute of Software Security at Hamburg University of Technology (TUHH, Germany). The goal of this study is to assess the usability (i.e., user experience) of an educational tool for Python programming jointly developed by UBC and TUHH. Such a tool is based on Generative Artificial Intelligence (GenAI) technologies and should support students in their Python coding tasks. The study is divided into two parts (rewarded separately) and should take, altogether, around 18 minutes. PART 1: Technical Assessment (£0.50 reward) It consists of 4 generic programming questions. It takes around 3 min. Your answers will determine whether you meet our criteria to undergo the second part of the study. If you meet our participation criteria, you will be invited to take the second part of the survey (PART 2). PART 2: Main Survey (£2.00 reward) Perform three coding tasks using our tool. Answer a set of questions about your experience while using the tool. It takes around 15 minutes. IMPORTANT: To participate in this study, you must be the age of consent in the location from which you are completing this study. Please read the Participant Information Sheet before starting with the survey. The sheet can be accessed via this link: Study-PIS If you would like to proceed with the Main Survey (PART 2), please answer the following questions by placing a check mark accordingly. [I am the age of consent in the location from which you are completing this study]","Survey Introduction Thank you for your interest! This online survey is part of a study conducted by the University of British Columbia (UBC, Canada), and the Institute of Software Security at Hamburg University of Technology (TUHH, Germany). The goal of this study is to assess the usability (i.e., user experience) of an educational tool for Python programming jointly developed by UBC and TUHH. Such a tool is based on Generative Artificial Intelligence (GenAI) technologies and should support students in their Python coding tasks. The study is divided into two parts (rewarded separately) and should take, altogether, around 18 minutes. PART 1: Technical Assessment (£0.50 reward) It consists of 4 generic programming questions. It takes around 3 min. Your answers will determine whether you meet our criteria to undergo the second part of the study. If you meet our participation criteria, you will be invited to take the second part of the survey (PART 2). PART 2: Main Survey (£2.00 reward) Perform three coding tasks using our tool. Answer a set of questions about your experience while using the tool. It takes around 15 minutes. IMPORTANT: To participate in this study, you must be the age of consent in the location from which you are completing this study. Please read the Participant Information Sheet before starting with the survey. The sheet can be accessed via this link: Study-PIS If you would like to proceed with the Main Survey (PART 2), please answer the following questions by placing a check mark accordingly. [I have read and understood the Participant Information Sheet]","Survey Introduction Thank you for your interest! This online survey is part of a study conducted by the University of British Columbia (UBC, Canada), and the Institute of Software Security at Hamburg University of Technology (TUHH, Germany). The goal of this study is to assess the usability (i.e., user experience) of an educational tool for Python programming jointly developed by UBC and TUHH. Such a tool is based on Generative Artificial Intelligence (GenAI) technologies and should support students in their Python coding tasks. The study is divided into two parts (rewarded separately) and should take, altogether, around 18 minutes. PART 1: Technical Assessment (£0.50 reward) It consists of 4 generic programming questions. It takes around 3 min. Your answers will determine whether you meet our criteria to undergo the second part of the study. If you meet our participation criteria, you will be invited to take the second part of the survey (PART 2). PART 2: Main Survey (£2.00 reward) Perform three coding tasks using our tool. Answer a set of questions about your experience while using the tool. It takes around 15 minutes. IMPORTANT: To participate in this study, you must be the age of consent in the location from which you are completing this study. Please read the Participant Information Sheet before starting with the survey. The sheet can be accessed via this link: Study-PIS If you would like to proceed with the Main Survey (PART 2), please answer the following questions by placing a check mark accordingly. [I agree to participate in this research and I want to continue with the survey and tool experiments]",Please indicate your age:,Please indicate your gender:,Please indicate your gender: [Other],Please select your country of residence:,Please select your country of residence: [Other],Please select your highest educational level:,How many years of experience do you have working in software development?,How often do you apply the following techniques to debug your code? [Conducting a threat assessment for the software.],How often do you apply the following techniques to debug your code? [Scanning code with an automatic code analysis tool.],How often do you apply the following techniques to debug your code? [Using a tool to scan for libraries with known vulnerabilities.],How often do you apply the following techniques to debug your code? [Code review by someone other than the developer.],How often do you apply the following techniques to debug your code? [Penetration testing.],"How often do you use Generative AI (GenAI) tools (e.g., Copilot) for coding?",How often do you apply GenAI coding tools in the following tasks? [Code completion or suggestion while typing.],How often do you apply GenAI coding tools in the following tasks? [Code summarization or documentation generation.],"How often do you apply GenAI coding tools in the following tasks? [Debugging (e.g., finding and fixing errors).]",How often do you apply GenAI coding tools in the following tasks? [Code explanation (understanding unfamiliar code).],How often do you apply GenAI coding tools in the following tasks? [Code refactoring or optimization.],How often do you apply GenAI coding tools in the following tasks? [Generating tests or test cases.],Are there any other tasks for which you use GenAI coding tools?,Please assess the following statements based on your own thoughts and experiences working with GenAI-based coding tools. [I avoid advanced GenAI features or options.],Please assess the following statements based on your own thoughts and experiences working with GenAI-based coding tools. [I avoid activities when using GenAI tools that are dangerous or risky.],Please assess the following statements based on your own thoughts and experiences working with GenAI-based coding tools. [Despite the risks I use GenAI features that haven’t been proven to work.],"Attention Question! Please select ""somewhat agree"" to validate your participation. [Strongly disagree]","Attention Question! Please select ""somewhat agree"" to validate your participation. [Somewhat disagree]","Attention Question! Please select ""somewhat agree"" to validate your participation. [Neither agree or disagree]","Attention Question! Please select ""somewhat agree"" to validate your participation. [Somewhat agree]","Attention Question! Please select ""somewhat agree"" to validate your participation. [Strongly agree]",Please assess the following statements based on your own thoughts and experiences working with GenAI-based coding tools. [I explore GenAI technology even if it’s not critical to my job.],Please assess the following statements based on your own thoughts and experiences working with GenAI-based coding tools. [I use GenAI tools because it’s a way for me to look good with peers.],Please assess the following statements based on your own thoughts and experiences working with GenAI-based coding tools. [Its fun to try new GenAI technology that is not yet available to everyone such as being a participant in beta testing programs.],Could you mention any reason (other than the ones mentioned in the previous question) that motivates you to engage with GenAI technologies when coding?,Please assess the following statements based on your own thoughts and experiences working with GenAI-based coding tools. [I am able to use GenAI tools when I have just the built-in help for assistance.],"Please assess the following statements based on your own thoughts and experiences working with GenAI-based coding tools. [I don’t feel confident to use and learn GenAI tools, as I have other strengths.]",Please assess the following statements based on your own thoughts and experiences working with GenAI-based coding tools. [I am able to use GenAI tools when someone shows me how to do it first.],Please assess the following statements based on your own thoughts and experiences working with GenAI-based coding tools. [I am able to use GenAI tools even when no one is around to help me if I need it.],Please assess the following statements based on your own thoughts and experiences working with GenAI-based coding tools. [I am confident in GenAI tools. I feel that it works well.],Please assess the following statements based on your own thoughts and experiences working with GenAI-based coding tools. [GenAI tools are reliable. I can count on it to be correct for my use cases.],"Please assess the following statements based on your own thoughts and experiences working with GenAI-based coding tools. [I feel safe that when I rely on GenAI, I will get the right answers.]",Please assess the following statements based on your own thoughts and experiences working with GenAI-based coding tools. [I like using GenAI for decision making.],Please assess the following statements based on your own thoughts and experiences working with GenAI-based coding tools. [I intend to use GenAI tools in the future.],Please assess the following statements based on your own thoughts and experiences working with GenAI-based coding tools. [I plan to continue using GenAI tools.],Please assess the following statements based on your own thoughts and experiences working with GenAI-based coding tools. [I will always try to use GenAI tools in my work.],Please paste here the confirmation code generated by the tool.,Did you use GenAI to solve the coding task?,Did you notice the tool’s recommendation of checking the security of the code?,Can you describe the reason why did you (or did you not) followed the tool’s recommendations?,How likely is it that you will check for security flaws in GenAI-generated code in the future?,We are interested in any other comments you might have concerning your experience while solving the coding tasks. Please write any thoughts you’d like to share with us:,How would you rate your software security knowledge/skills?,Please assess the following statements based on your own thoughts and experiences working with GenAI-based coding tools. [I intend to use GenAI tools in the future.]__dup_1,Please assess the following statements based on your own thoughts and experiences working with GenAI-based coding tools. [I plan to continue using GenAI tools.]__dup_1,Please assess the following statements based on your own thoughts and experiences working with GenAI-based coding tools. [I will always try to use GenAI tools in my work.]__dup_1,Please assess the following statements based on your own thoughts and experiences working with GenAI-based coding tools. [I avoid advanced GenAI features or options.]__dup_1,Please assess the following statements based on your own thoughts and experiences working with GenAI-based coding tools. [I avoid activities when using GenAI tools that are dangerous or risky.]__dup_1,Please assess the following statements based on your own thoughts and experiences working with GenAI-based coding tools. [Despite the risks I use GenAI features that haven’t been proven to work.]__dup_1,Please assess the following statements based on your own thoughts and experiences working with GenAI-based coding tools. [I am confident in GenAI tools. I feel that it works well.]__2,Please assess the following statements based on your own thoughts and experiences working with GenAI-based coding tools. [GenAI tools are reliable. I can count on it to be correct for my use cases.]__2,"Please assess the following statements based on your own thoughts and experiences working with GenAI-based coding tools. [I feel safe that when I rely on GenAI, I will get the right answers.]__2",Please assess the following statements based on your own thoughts and experiences working with GenAI-based coding tools. [I like using GenAI for decision making.]__2,Please assess the following statements based on your own thoughts and experiences working with GenAI-based coding tools. [I am able to use GenAI tools when I have just the built-in help for assistance.]__2,"Please assess the following statements based on your own thoughts and experiences working with GenAI-based coding tools. [I don’t feel confident to use and learn GenAI tools, as I have other strengths.]__2",Please assess the following statements based on your own thoughts and experiences working with GenAI-based coding tools. [I am able to use GenAI tools when someone shows me how to do it first.]__2,Please assess the following statements based on your own thoughts and experiences working with GenAI-based coding tools. [I am able to use GenAI tools even when no one is around to help me if I need it.]__2,"Initially, participants were informed that the purpose of this study was to assist in testing and debugging a tool under development. However, to minimize potential consciousness bias, the actual objective of the study was not disclosed at the outset. The true aim of the research is to investigate whether providing warnings about security issues in GenAI-generated code can encourage developers to adopt more security-aware behaviors, specifically, to assess whether such warnings prompt developers to review and address security concerns in the generated code. Additionally, the study examines whether different types of warnings lead to variations in developer behavior. This initial omission was intentional, as revealing the true purpose upfront could have led participants to consciously alter their behavior by actively checking for security issues, thereby compromising the validity of their natural coding practices. Do you still give us consent to use your answers for the purpose of this study? Please note that your eligibility to receive the incentive is not contingent upon how you respond to this question. Upon completing the survey, you will receive the compensation for this part of the study.","Thank you for your interest in our survey. Unfortunately, you do not meet some of the requirements to participate in this study: Be at least 18 years old. Read the consent form or had it read to you. Be comfortable using the English language. Agree to participate in this research. If you have any questions or inquiries, please do not hesitate to contact us at nicolas.diaz-ferreyra@tuhh.de","Thank you for your response! IMPORTANT (i) Please open this link in a new tab to return to Prolific. (ii) Then click ""SUBMIT"" in this window to record your answer.",Total time,Group time: Informed Consent,Question time: ProlificID,Question time: Consent,Group time: Demographics,Question time: AGE,Question time: GENDER,Question time: COUNTRY,Question time: EDUCATION,Question time: EXPERIENCE1,Question time: EXPERIENCE2,Group time: GenAI EXPERIENCE,Question time: GEN1,Question time: GEN2,Question time: GEN3,Question time: GEN4,Question time: ATTEN1,Question time: GEN5,Group time: GenAI EXPERIENCE2,Question time: GEN9,Question time: GEN6,Question time: GEN7,Question time: GEN8,Group time: Tool Assessment,Question time: TOOL,Group time: Post Tool Assessment,Question time: PTOOL2,Question time: PTOOL1,Question time: PTOOL3,Question time: PTOOL4,Question time: PTOOL5,Group time: GenAI EXPERIENCE 3,Question time: SECURITY,Question time: GEN10,Question time: GEN11,Question time: GEN12,Question time: GEN13,Group time: DEBRIEFING,Question time: DEB1,Group time: Closing,Question time: NOQUAL1,Question time: COMPLETED,NudgeType,FollowCount,task1_tool,task1_changed,task2_tool,task2_changed,task3_tool,task3_changed,Task1_CodeChangesWithTool,Task2_CodeChangesWithTool,Task3_CodeChangesWithTool,CodeChangesWithTool,AnyCodeChangeWithTool,TotalIssueDiff,TotalHighSeverityDiff,TotalMedSeverityDiff,TotalLowSeverityDiff,mot1,mot2,mot3,Motivation,risk_pre_1_raw,risk_pre_2_raw,risk_pre_3_raw,risk_pre_1,risk_pre_2,risk_pre_3,se_pre_1,se_pre_2,se_pre_3,se_pre_4,trust_pre_1,trust_pre_2,trust_pre_3,trust_pre_4,bi_pre_1,bi_pre_2,bi_pre_3,risk_post_1_raw,risk_post_2_raw,risk_post_3_raw,risk_post_1,risk_post_2,risk_post_3,trust_post_1,trust_post_2,trust_post_3,trust_post_4,se_post_1,se_post_2,se_post_3,se_post_4,bi_post_1,bi_post_2,bi_post_3,risk_pre_1_n,risk_pre_2_n,risk_pre_3_n,risk_post_1_n,risk_post_2_n,risk_post_3_n,PreRiskTolerance,PostRiskTolerance,PreSelfEfficacy,PostSelfEfficacy,PreTrust,PostTrust,PreBehavioralIntention,PostBehavioralIntention,dRiskTolerance,dSelfEfficacy,dTrust,dBehavioralIntention
583fe092d639d0000142fb2e,8,B,3,0,TRUE,TRUE,00:00:18,31,28,-3,0,0,0,0,0,0,0,NA,NA,NA,TRUE,FALSE,00:00:05,28,28,0,NA,NA,NA,NA,NA,NA,NA,NA,NA,NA,TRUE,FALSE,00:00:19,31,31,0,NA,NA,NA,NA,NA,NA,NA,NA,NA,NA,13,2025-11-26T19:55:34Z,9,en,296517380,2025-11-26T19:45:14Z,2025-11-26T19:55:34Z,583fe092d639d0000142fb2e,Yes,Yes,Yes,55,Male,NA,United Kingdom of Great Britain and Northern Ireland,NA,"Graduate degree (MSc., Ph.D.)",> 5 years,RARELY,OFTEN,RARELY,ALWAYS,RARELY,SOMETIMES,NEVER,RARELY,NEVER,NEVER,SOMETIMES,SOMETIMES,Suggestions for algorithms,SOMEHOW DISAGREE,AGREE,AGREE,No,No,No,Yes,No,SOMEHOW AGREE,SOMEHOW DISAGREE,SOMEHOW AGREE,"Algorithms. I work with complex numerics in fluid dynamics, so GenAI is really great at explaining things.",SOMEHOW DISAGREE,SOMEHOW DISAGREE,SOMEHOW AGREE,SOMEHOW AGREE,AGREE,AGREE,AGREE,AGREE,AGREE,AGREE,AGREE,761528,NO,YES,Didn't need to,Likely,The code didn't require GenAI to solve,AVERAGE,AGREE,AGREE,AGREE,RARELY,SOMETIMES,RARELY,AGREE,AGREE,AGREE,AGREE,AGREE,DISAGREE,SOMEHOW DISAGREE,SOMEHOW DISAGREE,YES,NA,NA,625.58,10.41,NA,NA,39.62,NA,NA,NA,NA,NA,NA,56.72,NA,NA,NA,NA,NA,NA,55.98,NA,NA,NA,NA,383.52,NA,37.01,NA,NA,NA,NA,NA,30.71,NA,NA,NA,NA,NA,5.69,NA,5.92,NA,NA,1,3,1,1,1,0,1,0,1,0,0,1,1,0,0,0,0,4,3,4,3.6666666666666665,3,5,5,4,2,5,3,4,4,4,5,5,5,5,5,5,5,2,3,2,4,3,2,5,5,5,5,5,5,3,3,5,5,5,0.6,0.2,0.8,0.75,0.5,0.25,0.5333333333333333,0.5,3.75,4,5,5,5,5,-0.033333333333333326,0.25,0,0
68d81c3c92ab53a2166931ac,9,B,3,0,TRUE,FALSE,00:00:06,32,32,0,NA,NA,NA,NA,NA,NA,NA,NA,NA,NA,TRUE,FALSE,00:00:27,32,32,0,NA,NA,NA,NA,NA,NA,NA,NA,NA,NA,TRUE,FALSE,00:01:12,34,34,0,NA,NA,NA,NA,NA,NA,NA,NA,NA,NA,14,2025-11-26T20:13:17Z,9,en,1365903266,2025-11-26T19:47:26Z,2025-11-26T20:13:17Z,68d81c3c92ab53a2166931ac,Yes,Yes,Yes,24,Male,NA,India,NA,"Undergraduate degree (BSc., BA.)",1 to 2 years,SOMETIMES,OFTEN,OFTEN,OFTEN,RARELY,OFTEN,ALWAYS,ALWAYS,SOMETIMES,OFTEN,SOMETIMES,RARELY,"For writing CI/CD configurations (GitLab pipelines, Docker steps, YAML fixes)  and generating API contract examples.",DISAGREE,SOMEHOW AGREE,AGREE,No,No,No,Yes,No,AGREE,SOMEHOW DISAGREE,COMPLETELY AGREE,"One big reason I use GenAI is that it gives me a quick second opinion. When I’m unsure about the best way to structure something or I feel stuck, it helps me think through alternatives faster than searching everything manually. It just makes the whole problem solving process smoother and less frustrating.",AGREE,COMPLETELY DISAGREE,DISAGREE,COMPLETELY AGREE,AGREE,SOMEHOW AGREE,SOMEHOW AGREE,AGREE,COMPLETELY AGREE,COMPLETELY AGREE,AGREE,761528,YES,YES,"I didn’t follow the tool’s recommendations because the task required very specific, minimal implementations and applying the suggestions would have changed the expected behavior. Since the goal was to complete the assignment exactly as instructed, I kept the code simple and aligned with the task requirements instead of modifying it based on the tool’s advice.",Very Likely,"The balance between security hints and the simplicity expected in the tasks was a bit tricky, but the experience was smooth and easy to follow.",ABOVE AVERAGE,COMPLETELY AGREE,COMPLETELY AGREE,AGREE,RARELY,OFTEN,OFTEN,AGREE,AGREE,AGREE,COMPLETELY AGREE,AGREE,COMPLETELY DISAGREE,COMPLETELY DISAGREE,COMPLETELY AGREE,YES,NA,NA,1555.27,114.05,NA,NA,134.67,NA,NA,NA,NA,NA,NA,153.45,NA,NA,NA,NA,NA,NA,154.19,NA,NA,NA,NA,714.68,NA,176.32,NA,NA,NA,NA,NA,57.45,NA,NA,NA,NA,NA,41.91,NA,8.55,NA,NA,1,3,1,0,1,0,1,0,0,0,0,0,0,0,0,0,0,5,3,6,4.666666666666667,2,4,5,5,3,5,5,6,2,6,5,4,4,5,6,6,5,2,4,4,4,2,4,5,5,5,6,5,6,1,6,6,6,5,0.8,0.4,0.8,0.75,0.25,0.75,0.6666666666666666,0.5833333333333334,4.75,4.5,4.5,5.25,5.666666666666667,5.666666666666667,-0.08333333333333326,-0.25,0.75,0
65fb1a12337cd3edfa4dd6fc,12,B,3,0,TRUE,FALSE,00:00:09,34,34,0,NA,NA,NA,NA,NA,NA,NA,NA,NA,NA,TRUE,FALSE,00:00:23,32,32,0,NA,NA,NA,NA,NA,NA,NA,NA,NA,NA,TRUE,FALSE,00:00:31,40,40,0,NA,NA,NA,NA,NA,NA,NA,NA,NA,NA,15,2025-11-26T21:25:55Z,9,en,594564337,2025-11-26T21:01:11Z,2025-11-26T21:25:55Z,65fb1a12337cd3edfa4dd6fc,Yes,Yes,Yes,23,Male,NA,Kenya,NA,"Undergraduate degree (BSc., BA.)",3 to 4 years,RARELY,OFTEN,OFTEN,RARELY,OFTEN,SOMETIMES,SOMETIMES,OFTEN,ALWAYS,SOMETIMES,SOMETIMES,RARELY,None,DISAGREE,COMPLETELY DISAGREE,SOMEHOW AGREE,No,No,No,Yes,No,COMPLETELY AGREE,COMPLETELY AGREE,COMPLETELY AGREE,Fast completion of a task,COMPLETELY AGREE,SOMEHOW DISAGREE,SOMEHOW DISAGREE,COMPLETELY AGREE,AGREE,AGREE,DISAGREE,SOMEHOW DISAGREE,COMPLETELY AGREE,COMPLETELY AGREE,COMPLETELY AGREE,761528,YES,YES,I followed the tools recommendations because it was somehow accurate.,Likely,No comments,ABOVE AVERAGE,COMPLETELY AGREE,COMPLETELY AGREE,COMPLETELY AGREE,RARELY,RARELY,OFTEN,COMPLETELY AGREE,COMPLETELY AGREE,COMPLETELY AGREE,COMPLETELY AGREE,COMPLETELY AGREE,SOMEHOW DISAGREE,COMPLETELY DISAGREE,COMPLETELY AGREE,YES,NA,NA,1496.19,56.99,NA,NA,97.93,NA,NA,NA,NA,NA,NA,135.77,NA,NA,NA,NA,NA,NA,108.99,NA,NA,NA,NA,649,NA,93.23,NA,NA,NA,NA,NA,65.71,NA,NA,NA,NA,NA,26.02,NA,262.55,NA,NA,1,3,1,0,1,0,1,0,0,0,0,0,0,0,0,0,0,6,6,6,6,2,1,4,5,6,4,6,4,3,6,5,5,2,3,6,6,6,2,2,4,4,4,4,6,6,6,6,6,4,1,6,6,6,6,0.8,1,0.6,0.75,0.75,0.75,0.7999999999999999,0.75,4.75,4.25,3.75,6,6,6,-0.04999999999999993,-0.5,2.25,0
5cfb53d4c04a940015aab805,10,B,2,1,TRUE,FALSE,00:00:04,30,30,0,NA,NA,NA,NA,NA,NA,NA,NA,NA,NA,TRUE,FALSE,00:00:15,29,29,0,NA,NA,NA,NA,NA,NA,NA,NA,NA,NA,FALSE,FALSE,NA,31,31,0,NA,NA,NA,NA,NA,NA,NA,NA,NA,NA,16,2025-11-26T21:09:44Z,9,en,1837666412,2025-11-26T21:01:30Z,2025-11-26T21:09:44Z,5cfb53d4c04a940015aab805,Yes,Yes,Yes,27,Female,NA,Mexico,NA,"Graduate degree (MSc., Ph.D.)",4 to 5 years,OFTEN,OFTEN,ALWAYS,ALWAYS,ALWAYS,OFTEN,ALWAYS,ALWAYS,ALWAYS,ALWAYS,ALWAYS,ALWAYS,help me with the design of the front,DISAGREE,AGREE,SOMEHOW AGREE,No,No,No,Yes,No,AGREE,SOMEHOW DISAGREE,AGREE,it´s faster than the normal coding,AGREE,SOMEHOW AGREE,AGREE,AGREE,AGREE,AGREE,AGREE,SOMEHOW AGREE,COMPLETELY AGREE,COMPLETELY AGREE,SOMEHOW AGREE,761528,YES,YES,for more confidence in the results of the task,Very Likely,"it was easy and understandable, i like the concept and everything",VERY HIGH,COMPLETELY AGREE,COMPLETELY AGREE,COMPLETELY AGREE,SOMETIMES,ALWAYS,SOMETIMES,COMPLETELY AGREE,COMPLETELY AGREE,COMPLETELY AGREE,SOMEHOW AGREE,COMPLETELY AGREE,SOMEHOW AGREE,COMPLETELY AGREE,COMPLETELY AGREE,YES,NA,NA,496.29,14.74,NA,NA,57.86,NA,NA,NA,NA,NA,NA,124.86,NA,NA,NA,NA,NA,NA,75.05,NA,NA,NA,NA,90.12,NA,46.31,NA,NA,NA,NA,NA,61.84,NA,NA,NA,NA,NA,13.95,NA,11.56,NA,NA,1,2,1,0,1,0,0,0,0,0,0,0,0,0,0,0,0,5,3,5,4.333333333333333,2,5,4,5,2,4,5,3,5,5,5,5,5,4,6,6,4,3,5,3,3,1,3,6,6,6,4,6,3,6,6,6,6,6,0.8,0.2,0.6,0.5,0,0.5,0.5333333333333333,0.3333333333333333,4.5,5.25,4.75,5.5,5.333333333333333,6,-0.2,0.75,0.75,0.666666666666667
661ff0336322c3c05a16a8af,13,A,3,0,TRUE,FALSE,00:00:08,29,29,0,NA,NA,NA,NA,NA,NA,NA,NA,NA,NA,TRUE,FALSE,00:00:23,33,33,0,NA,NA,NA,NA,NA,NA,NA,NA,NA,NA,TRUE,FALSE,00:00:05,40,40,0,NA,NA,NA,NA,NA,NA,NA,NA,NA,NA,20,2025-11-26T21:21:16Z,9,en,965042316,2025-11-26T21:12:55Z,2025-11-26T21:21:16Z,661ff0336322c3c05a16a8af,Yes,Yes,Yes,27,Male,NA,Slovakia,NA,"Graduate degree (MSc., Ph.D.)",3 to 4 years,NEVER,SOMETIMES,NEVER,OFTEN,NEVER,OFTEN,ALWAYS,SOMETIMES,OFTEN,SOMETIMES,OFTEN,NEVER,no,DISAGREE,AGREE,DISAGREE,No,No,No,Yes,No,AGREE,AGREE,SOMEHOW AGREE,makes my work faster,AGREE,SOMEHOW DISAGREE,AGREE,AGREE,SOMEHOW AGREE,SOMEHOW DISAGREE,SOMEHOW DISAGREE,SOMEHOW AGREE,COMPLETELY AGREE,COMPLETELY AGREE,AGREE,761528,YES,YES,"they did not seem that critical, so I didnt follow them",Somewhat Likely,-,ABOVE AVERAGE,COMPLETELY AGREE,COMPLETELY AGREE,AGREE,RARELY,OFTEN,SOMETIMES,AGREE,SOMEHOW DISAGREE,DISAGREE,SOMEHOW AGREE,AGREE,SOMEHOW DISAGREE,AGREE,AGREE,YES,NA,NA,505.3,5.4,NA,NA,27.1,NA,NA,NA,NA,NA,NA,66.44,NA,NA,NA,NA,NA,NA,77.91,NA,NA,NA,NA,163.59,NA,45.06,NA,NA,NA,NA,NA,101.96,NA,NA,NA,NA,NA,8.19,NA,9.65,NA,NA,0,3,1,0,1,0,1,0,0,0,0,0,0,0,0,0,0,5,5,4,4.666666666666667,2,5,2,5,2,2,5,4,5,5,4,3,3,4,6,6,5,2,4,3,4,2,3,5,3,2,4,5,4,5,5,6,6,5,0.8,0.2,0.2,0.75,0.25,0.5,0.39999999999999997,0.5,4.75,4.75,3.5,3.5,5.666666666666667,5.666666666666667,0.10000000000000003,0,0,0
60c770d5d536d798d92c6ee9,14,A,3,0,TRUE,FALSE,00:00:10,30,30,0,NA,NA,NA,NA,NA,NA,NA,NA,NA,NA,TRUE,FALSE,00:00:13,30,30,0,NA,NA,NA,NA,NA,NA,NA,NA,NA,NA,TRUE,FALSE,00:00:32,30,30,0,NA,NA,NA,NA,NA,NA,NA,NA,NA,NA,21,2025-11-26T21:38:50Z,9,en,529756269,2025-11-26T21:13:24Z,2025-11-26T21:38:50Z,60c770d5d536d798d92c6ee9,Yes,Yes,Yes,43,Male,NA,Portugal,NA,"Graduate degree (MSc., Ph.D.)",< 1 year,NEVER,NEVER,NEVER,NEVER,NEVER,RARELY,RARELY,NEVER,RARELY,NEVER,NEVER,NEVER,No,DISAGREE,SOMEHOW DISAGREE,SOMEHOW AGREE,No,No,No,Yes,No,SOMEHOW DISAGREE,DISAGREE,SOMEHOW AGREE,Simplify the process when not familiar with a particular coding language.,SOMEHOW AGREE,SOMEHOW DISAGREE,SOMEHOW DISAGREE,SOMEHOW AGREE,SOMEHOW AGREE,SOMEHOW AGREE,SOMEHOW AGREE,SOMEHOW DISAGREE,AGREE,AGREE,SOMEHOW AGREE,761528,NO,YES,Some of the recommendations were somewhat vague and for someone not so experienced those recommendations might not be enough.,Somewhat Likely,Nothing else to share.,VERY LOW,AGREE,SOMEHOW AGREE,SOMEHOW AGREE,SOMETIMES,SOMETIMES,RARELY,SOMEHOW AGREE,SOMEHOW AGREE,SOMEHOW AGREE,SOMEHOW DISAGREE,SOMEHOW AGREE,SOMEHOW DISAGREE,SOMEHOW DISAGREE,SOMEHOW AGREE,YES,NA,NA,1528.71,9.73,NA,NA,47.03,NA,NA,NA,NA,NA,NA,80.48,NA,NA,NA,NA,NA,NA,103.87,NA,NA,NA,NA,996.92,NA,141.73,NA,NA,NA,NA,NA,106.21,NA,NA,NA,NA,NA,24.42,NA,18.32,NA,NA,0,3,1,0,1,0,1,0,0,0,0,0,0,0,0,0,0,3,2,4,3,2,3,4,5,4,4,4,4,3,4,4,4,4,3,5,5,4,3,3,2,3,3,2,4,4,4,3,4,4,3,4,5,4,4,0.8,0.6,0.6,0.5,0.5,0.25,0.6666666666666666,0.4166666666666667,3.75,3.75,3.75,3.75,4.666666666666667,4.333333333333333,-0.24999999999999994,0,0,-0.3333333333333339
5c093a3f600aff0001d7002c,15,A,2,1,FALSE,FALSE,NA,32,32,0,NA,NA,NA,NA,NA,NA,NA,NA,NA,NA,TRUE,FALSE,00:00:40,33,33,0,NA,NA,NA,NA,NA,NA,NA,NA,NA,NA,TRUE,FALSE,00:00:41,33,33,0,NA,NA,NA,NA,NA,NA,NA,NA,NA,NA,22,2025-11-29T00:15:48Z,9,en,1643626120,2025-11-28T23:41:05Z,2025-11-29T00:15:48Z,5c093a3f600aff0001d7002c,Yes,Yes,Yes,47,Male,NA,Australia,NA,"Undergraduate degree (BSc., BA.)",> 5 years,NEVER,NEVER,NEVER,SOMETIMES,RARELY,OFTEN,ALWAYS,OFTEN,SOMETIMES,OFTEN,NEVER,SOMETIMES,Explanation of issues on whether my theory is correct or not,DISAGREE,DISAGREE,SOMEHOW DISAGREE,No,No,No,Yes,No,AGREE,DISAGREE,SOMEHOW DISAGREE,"As I get older, I want to get things done and build things without the learning curve with new technology, like having to learn new platforms, languages, and coding algorithms.  Also, it removes layers of complexity for me, as now I don't have to waste time understanding everything. 
",SOMEHOW AGREE,DISAGREE,COMPLETELY AGREE,COMPLETELY AGREE,SOMEHOW AGREE,SOMEHOW AGREE,AGREE,SOMEHOW AGREE,COMPLETELY AGREE,COMPLETELY AGREE,COMPLETELY AGREE,761528,YES,YES,It just popped up a warning at different levels and didn't really offer a suggestion for fixing it.,Somewhat Likely,"I think the security check is interesting, but ideally, it provides a solution to the issues.  It feels like I have to investigate, figure out the problem, and rewrite the code. If you know the error, shouldn't you fix it or provide the reasons? It feels like a message back in the day, where the message was simply a technical error, which doesn't really give any support for the answer.",VERY LOW,COMPLETELY AGREE,COMPLETELY AGREE,COMPLETELY AGREE,NEVER,NEVER,SOMETIMES,SOMEHOW AGREE,SOMEHOW AGREE,SOMEHOW AGREE,SOMEHOW AGREE,COMPLETELY AGREE,DISAGREE,COMPLETELY AGREE,COMPLETELY AGREE,YES,NA,NA,2086.55,34.11,NA,NA,56.1,NA,NA,NA,NA,NA,NA,195.61,NA,NA,NA,NA,NA,NA,305.34,NA,NA,NA,NA,1105.93,NA,279.6,NA,NA,NA,NA,NA,82.84,NA,NA,NA,NA,NA,20.47,NA,6.55,NA,NA,0,2,0,0,1,0,1,0,0,0,0,0,0,0,0,0,0,5,2,3,3.3333333333333335,2,2,3,5,5,3,4,5,6,6,4,4,5,4,6,6,6,1,1,3,5,5,3,4,4,4,4,6,5,6,6,6,6,6,0.8,0.8,0.4,1,1,0.5,0.6666666666666666,0.8333333333333334,5.25,5.75,4.25,4,6,6,0.16666666666666674,0.5,-0.25,0
5dd671942b033b5ec8bc97b4,16,A,3,0,TRUE,FALSE,00:00:17,36,36,0,NA,NA,NA,NA,NA,NA,NA,NA,NA,NA,TRUE,FALSE,00:00:20,30,30,0,NA,NA,NA,NA,NA,NA,NA,NA,NA,NA,TRUE,FALSE,00:00:11,46,46,0,NA,NA,NA,NA,NA,NA,NA,NA,NA,NA,23,2025-11-29T00:11:26Z,9,en,363122454,2025-11-28T23:53:30Z,2025-11-29T00:11:26Z,5dd671942b033b5ec8bc97b4,Yes,Yes,Yes,26,Male,NA,United States of America,NA,"Undergraduate degree (BSc., BA.)",2 to 3 years,SOMETIMES,OFTEN,OFTEN,OFTEN,SOMETIMES,SOMETIMES,OFTEN,OFTEN,RARELY,SOMETIMES,RARELY,SOMETIMES,For learning new technologies and libraries I might implement in work.,SOMEHOW DISAGREE,SOMEHOW DISAGREE,DISAGREE,No,No,No,Yes,No,SOMEHOW AGREE,AGREE,SOMEHOW AGREE,"I try to keep up with new technologies and solutions as soon as they are available, and as they evolve over time.",SOMEHOW AGREE,DISAGREE,SOMEHOW DISAGREE,COMPLETELY AGREE,AGREE,SOMEHOW AGREE,DISAGREE,SOMEHOW AGREE,COMPLETELY AGREE,COMPLETELY AGREE,AGREE,761528,YES,YES,Sometimes it did a bit more than I asked it too.,Likely,"I felt it was simple enough, I would have liked to see a detail of what the security analysis did with the code to verify it, but it was good enough for me.",AVERAGE,SOMEHOW AGREE,AGREE,SOMEHOW AGREE,RARELY,ALWAYS,RARELY,SOMEHOW AGREE,SOMEHOW AGREE,AGREE,SOMEHOW DISAGREE,SOMEHOW DISAGREE,DISAGREE,DISAGREE,AGREE,YES,NA,NA,1078.62,22.62,NA,NA,35.17,NA,NA,NA,NA,NA,NA,145.08,NA,NA,NA,NA,NA,NA,75.48,NA,NA,NA,NA,660.49,NA,64.52,NA,NA,NA,NA,NA,48.95,NA,NA,NA,NA,NA,18.71,NA,7.6,NA,NA,0,3,1,0,1,0,1,0,0,0,0,0,0,0,0,0,0,4,5,4,4.333333333333333,3,3,2,4,4,2,4,5,3,6,5,4,2,4,6,6,5,2,5,2,4,1,2,4,4,5,3,3,5,2,5,4,5,4,0.6,0.6,0.2,0.75,0,0.25,0.4666666666666666,0.3333333333333333,4.5,3.75,3.75,4,5.666666666666667,4.333333333333333,-0.1333333333333333,-0.75,0.25,-1.333333333333334
665b1c771d3f242a05ffd1b3,17,A,3,0,TRUE,FALSE,00:00:08,39,39,0,NA,NA,NA,NA,NA,NA,NA,NA,NA,NA,TRUE,FALSE,00:00:12,40,40,0,NA,NA,NA,NA,NA,NA,NA,NA,NA,NA,TRUE,FALSE,00:02:12,67,67,0,NA,NA,NA,NA,NA,NA,NA,NA,NA,NA,24,2025-11-29T00:21:20Z,9,en,1168446321,2025-11-28T23:55:23Z,2025-11-29T00:21:20Z,665b1c771d3f242a05ffd1b3,Yes,Yes,Yes,25,Male,NA,South Africa,NA,College,2 to 3 years,SOMETIMES,SOMETIMES,SOMETIMES,SOMETIMES,SOMETIMES,OFTEN,RARELY,SOMETIMES,SOMETIMES,SOMETIMES,OFTEN,OFTEN,Documentation & IT Work,SOMEHOW AGREE,SOMEHOW AGREE,SOMEHOW AGREE,No,No,No,Yes,No,SOMEHOW DISAGREE,SOMEHOW DISAGREE,DISAGREE,"I like seeing how the AI solves problems differently from me, feels like having a weirdly brilliant coding buddy. It also helps me in focusing more on logic and architecture and less on syntax clutter",SOMEHOW AGREE,SOMEHOW AGREE,SOMEHOW DISAGREE,AGREE,AGREE,AGREE,AGREE,AGREE,COMPLETELY AGREE,COMPLETELY AGREE,COMPLETELY AGREE,761528,YES,YES,"I followed the recommendation in a practical, safe, and readable way that matches the task description, while ignoring less relevant options that didn’t fit the context.",Very Likely,"It was also a good reminder of the importance of clarity and readability in code. Small details like indentation, naming conventions, and explanatory comments can make a big difference when reviewing or extending code later.",AVERAGE,COMPLETELY AGREE,COMPLETELY AGREE,AGREE,SOMETIMES,ALWAYS,ALWAYS,AGREE,AGREE,AGREE,AGREE,SOMEHOW AGREE,SOMEHOW DISAGREE,SOMEHOW DISAGREE,AGREE,YES,NA,NA,1560.79,33.87,NA,NA,104.55,NA,NA,NA,NA,NA,NA,146.61,NA,NA,NA,NA,NA,NA,314.92,NA,NA,NA,NA,667.93,NA,120.33,NA,NA,NA,NA,NA,99.34,NA,NA,NA,NA,NA,56.4,NA,16.84,NA,NA,0,3,1,0,1,0,1,0,0,0,0,0,0,0,0,0,0,3,3,2,2.6666666666666665,4,4,4,3,3,4,4,3,3,5,5,5,5,5,6,6,6,3,5,5,3,1,5,5,5,5,5,4,4,3,5,6,6,5,0.4,0.4,0.6,0.5,0,1,0.4666666666666666,0.5,3.75,4,5,5,6,5.666666666666667,0.03333333333333338,0.25,0,-0.33333333333333304
671d5cda4bb11257ce4bcda0,18,A,3,0,TRUE,FALSE,00:00:09,85,85,0,NA,NA,NA,NA,NA,NA,NA,NA,NA,NA,TRUE,FALSE,00:00:22,55,55,0,NA,NA,NA,NA,NA,NA,NA,NA,NA,NA,TRUE,FALSE,00:04:29,54,54,0,NA,NA,NA,NA,NA,NA,NA,NA,NA,NA,26,2025-11-29T01:39:26Z,9,en,1801462559,2025-11-29T00:52:43Z,2025-11-29T01:39:26Z,671d5cda4bb11257ce4bcda0,Yes,Yes,Yes,24,Female,NA,United States of America,NA,"Undergraduate degree (BSc., BA.)",2 to 3 years,OFTEN,SOMETIMES,OFTEN,OFTEN,OFTEN,OFTEN,OFTEN,ALWAYS,SOMETIMES,OFTEN,RARELY,OFTEN,Generating new codes for unfamiliar tasks,COMPLETELY DISAGREE,COMPLETELY DISAGREE,COMPLETELY DISAGREE,No,No,No,Yes,No,AGREE,AGREE,COMPLETELY AGREE,GenAI technologies helps me finish tasks very fast and hence saving time spend on them,AGREE,COMPLETELY DISAGREE,COMPLETELY AGREE,AGREE,AGREE,COMPLETELY AGREE,COMPLETELY AGREE,AGREE,COMPLETELY AGREE,COMPLETELY AGREE,COMPLETELY AGREE,761528,YES,YES,"I saw it provided real codes, and my task was just to edit",Very Likely,I recommend this tool to everyone out there,ABOVE AVERAGE,COMPLETELY AGREE,COMPLETELY AGREE,COMPLETELY AGREE,NEVER,NEVER,NEVER,AGREE,COMPLETELY AGREE,AGREE,AGREE,COMPLETELY AGREE,COMPLETELY DISAGREE,AGREE,AGREE,YES,NA,NA,2805.8,10.83,NA,NA,69.73,NA,NA,NA,NA,NA,NA,84.94,NA,NA,NA,NA,NA,NA,472.8,NA,NA,NA,NA,1894.23,NA,176.98,NA,NA,NA,NA,NA,34.97,NA,NA,NA,NA,NA,8.54,NA,52.78,NA,NA,0,3,1,0,1,0,1,0,0,0,0,0,0,0,0,0,0,5,5,6,5.333333333333333,1,1,1,6,6,1,5,6,6,5,5,6,6,5,6,6,6,1,1,1,5,5,1,5,6,5,5,6,6,5,5,6,6,6,1,1,0,1,1,0,0.6666666666666666,0.6666666666666666,5.5,5.5,5.5,5.25,6,6,0,0,-0.25,0
678b955998db06a51ad68305,19,B,3,0,TRUE,TRUE,00:04:05,34,36,2,0,0,0,0,0,0,0,NA,NA,NA,TRUE,FALSE,00:00:07,10,10,0,NA,NA,NA,NA,NA,NA,NA,NA,NA,NA,TRUE,TRUE,00:00:45,14,23,9,1,0,0,1,-1,0,0,"B404,B602,B603","blacklist,subprocess_popen_with_shell_equals_true,subprocess_without_shell_equals_true","fixed,fixed,new",28,2025-11-29T04:07:22Z,9,en,449574630,2025-11-29T03:41:00Z,2025-11-29T04:07:22Z,678b955998db06a51ad68305,Yes,Yes,Yes,38,Male,NA,South Africa,NA,"Undergraduate degree (BSc., BA.)",> 5 years,OFTEN,SOMETIMES,OFTEN,OFTEN,ALWAYS,ALWAYS,OFTEN,SOMETIMES,ALWAYS,OFTEN,OFTEN,SOMETIMES,12,DISAGREE,COMPLETELY DISAGREE,SOMEHOW AGREE,No,No,No,Yes,No,SOMEHOW DISAGREE,AGREE,SOMEHOW AGREE,"It helps me save time by quickly generating ideas or alternative solutions, especially when I’m stuck. It also makes it easier to learn new concepts or check my understanding without having to search through long documentation.",AGREE,SOMEHOW AGREE,COMPLETELY AGREE,AGREE,AGREE,SOMEHOW AGREE,AGREE,AGREE,COMPLETELY AGREE,AGREE,AGREE,761528,NO,YES,"I reviewed the security recommendation; however, I did not implement additional checks at this stage, as my primary focus was on understanding and completing the functionality of the code.",Very Likely,"Overall, the coding tasks were clear and engaging, and they provided a valuable opportunity to practice and strengthen my skills.",VERY HIGH,SOMEHOW AGREE,AGREE,SOMEHOW AGREE,OFTEN,ALWAYS,OFTEN,AGREE,SOMEHOW AGREE,AGREE,AGREE,AGREE,SOMEHOW AGREE,AGREE,AGREE,YES,NA,NA,1585.59,81.97,NA,NA,262.78,NA,NA,NA,NA,NA,NA,93.44,NA,NA,NA,NA,NA,NA,54.68,NA,NA,NA,NA,796.78,NA,201.43,NA,NA,NA,NA,NA,53.16,NA,NA,NA,NA,NA,29.85,NA,11.5,NA,NA,1,3,1,1,1,0,1,1,1,0,1,2,1,1,-1,0,0,3,5,4,4,2,1,4,5,6,4,5,3,6,5,5,4,5,5,6,5,5,4,5,4,2,1,4,5,4,5,5,5,3,5,5,4,5,4,0.8,1,0.6,0.25,0,0.75,0.7999999999999999,0.3333333333333333,4.75,4.5,4.75,4.75,5.333333333333333,4.333333333333333,-0.4666666666666666,-0.25,0,-1
665017cd16c82792f5b364ef,20,B,3,0,TRUE,TRUE,00:00:25,28,36,8,1,1,0,0,1,0,0,B701,jinja2_autoescape_false,new,TRUE,TRUE,00:01:34,29,29,0,0,0,0,0,0,0,-1,B311,blacklist,fixed,TRUE,TRUE,00:08:23,31,31,0,0,0,0,0,-1,0,-1,"B404,B602","blacklist,subprocess_popen_with_shell_equals_true","fixed,fixed",29,2025-11-29T05:44:09Z,9,en,920576793,2025-11-29T04:55:04Z,2025-11-29T05:44:08Z,665017cd16c82792f5b364ef,Yes,Yes,Yes,26,Male,NA,Kenya,NA,"Undergraduate degree (BSc., BA.)",2 to 3 years,OFTEN,SOMETIMES,OFTEN,SOMETIMES,ALWAYS,OFTEN,OFTEN,SOMETIMES,ALWAYS,SOMETIMES,RARELY,SOMETIMES,Atimes when I want to declare variable,SOMEHOW DISAGREE,SOMEHOW AGREE,SOMEHOW DISAGREE,No,No,No,Yes,No,SOMEHOW AGREE,SOMEHOW DISAGREE,COMPLETELY AGREE,Instant knowledge to multiple programming languages,AGREE,COMPLETELY DISAGREE,AGREE,COMPLETELY AGREE,AGREE,AGREE,AGREE,SOMEHOW AGREE,COMPLETELY AGREE,AGREE,AGREE,761528,YES,YES,It's was kinder challenging to use it but I tried in some of experiment,Somewhat Likely,"I found the coding tasks engaging and well structured. They covered practical concepts like input validation, template rendering, and safe command execution",ABOVE AVERAGE,AGREE,AGREE,SOMEHOW AGREE,RARELY,RARELY,RARELY,AGREE,SOMEHOW AGREE,AGREE,SOMEHOW AGREE,AGREE,SOMEHOW DISAGREE,SOMEHOW AGREE,COMPLETELY AGREE,YES,NA,NA,2947.39,95.86,NA,NA,85.74,NA,NA,NA,NA,NA,NA,285.14,NA,NA,NA,NA,NA,NA,231.24,NA,NA,NA,NA,1842.61,NA,150.12,NA,NA,NA,NA,NA,139.73,NA,NA,NA,NA,NA,85.95,NA,31,NA,NA,1,3,1,1,1,1,1,1,1,1,1,3,1,1,0,0,-2,4,3,6,4.333333333333333,3,4,3,4,3,3,5,6,5,6,5,5,5,4,6,5,5,2,2,2,4,4,2,5,4,5,4,5,4,4,6,5,5,4,0.6,0.4,0.4,0.75,0.75,0.25,0.4666666666666666,0.5833333333333334,5.5,4.75,4.75,4.5,5.333333333333333,4.666666666666667,0.11666666666666675,-0.75,-0.25,-0.6666666666666661
6914c90c80bcbb0ee3307396,22,B,3,0,TRUE,FALSE,00:00:06,32,32,0,NA,NA,NA,NA,NA,NA,NA,NA,NA,NA,TRUE,FALSE,00:01:09,30,30,0,NA,NA,NA,NA,NA,NA,NA,NA,NA,NA,TRUE,FALSE,00:00:09,55,55,0,NA,NA,NA,NA,NA,NA,NA,NA,NA,NA,34,2025-11-29T08:40:25Z,9,en,1981780715,2025-11-29T08:13:53Z,2025-11-29T08:40:25Z,6914c90c80bcbb0ee3307396,Yes,Yes,Yes,47,Male,NA,Germany,NA,"Undergraduate degree (BSc., BA.)",> 5 years,OFTEN,ALWAYS,ALWAYS,ALWAYS,ALWAYS,ALWAYS,ALWAYS,RARELY,NEVER,RARELY,SOMETIMES,SOMETIMES,Sumarize documents,COMPLETELY DISAGREE,DISAGREE,DISAGREE,No,No,No,Yes,No,AGREE,DISAGREE,SOMEHOW AGREE,Speed,SOMEHOW AGREE,COMPLETELY DISAGREE,DISAGREE,AGREE,AGREE,SOMEHOW AGREE,SOMEHOW AGREE,SOMEHOW DISAGREE,COMPLETELY AGREE,COMPLETELY AGREE,AGREE,761528,YES,YES,experience,Likely,The editor in the test environment sucks. No block marking. No copilot. No AI promt.,VERY HIGH,AGREE,AGREE,COMPLETELY AGREE,RARELY,NEVER,SOMETIMES,AGREE,AGREE,AGREE,AGREE,SOMEHOW AGREE,COMPLETELY DISAGREE,COMPLETELY DISAGREE,COMPLETELY DISAGREE,YES,NA,NA,1595.49,28.52,NA,NA,55.38,NA,NA,NA,NA,NA,NA,168.84,NA,NA,NA,NA,NA,NA,93.54,NA,NA,NA,NA,915.63,NA,127.73,NA,NA,NA,NA,NA,70.49,NA,NA,NA,NA,NA,42.38,NA,92.98,NA,NA,1,3,1,0,1,0,1,0,0,0,0,0,0,0,0,0,0,5,2,4,3.6666666666666665,1,2,2,6,5,2,4,6,2,5,5,4,4,3,6,6,5,2,1,3,4,5,3,5,5,5,5,4,6,1,1,5,5,6,1,0.8,0.2,0.75,1,0.5,0.6666666666666666,0.75,4.25,3,4,5,5.666666666666667,5.333333333333333,0.08333333333333337,-1.25,1,-0.3333333333333339
637f7d52d1a517e820233f7a,23,B,3,0,TRUE,FALSE,00:00:07,34,34,0,NA,NA,NA,NA,NA,NA,NA,NA,NA,NA,TRUE,TRUE,00:01:08,37,37,0,0,0,0,0,0,0,-1,B311,blacklist,fixed,TRUE,FALSE,00:00:17,38,38,0,NA,NA,NA,NA,NA,NA,NA,NA,NA,NA,35,2025-11-29T09:55:16Z,9,en,1287570373,2025-11-29T09:27:29Z,2025-11-29T09:55:16Z,637f7d52d1a517e820233f7a,Yes,Yes,Yes,33,Male,NA,Germany,NA,"Undergraduate degree (BSc., BA.)",2 to 3 years,SOMETIMES,OFTEN,OFTEN,ALWAYS,SOMETIMES,OFTEN,RARELY,OFTEN,RARELY,ALWAYS,SOMETIMES,OFTEN,For basic examples when working on new things. Easier to get started.,SOMEHOW DISAGREE,SOMEHOW AGREE,SOMEHOW AGREE,No,No,No,Yes,No,AGREE,SOMEHOW DISAGREE,SOMEHOW DISAGREE,For basic summaries when working with new technologies. Saves times searching and reading documentation in some cases. Gets you started faster.,SOMEHOW AGREE,DISAGREE,AGREE,AGREE,SOMEHOW AGREE,SOMEHOW AGREE,SOMEHOW DISAGREE,SOMEHOW DISAGREE,COMPLETELY AGREE,COMPLETELY AGREE,AGREE,761528,YES,YES,"It seemed like a quick fix in one line, so I might as well check it.",Somewhat Likely,"All these tasks were mostly simple cases, however they are the ones I need to to constantly look up again, forgetting after a while.",AVERAGE,COMPLETELY AGREE,AGREE,SOMEHOW AGREE,SOMETIMES,SOMETIMES,OFTEN,SOMEHOW AGREE,SOMEHOW AGREE,SOMEHOW DISAGREE,SOMEHOW AGREE,SOMEHOW DISAGREE,SOMEHOW DISAGREE,AGREE,AGREE,YES,NA,NA,1671.25,32.48,NA,NA,57.38,NA,NA,NA,NA,NA,NA,121.39,NA,NA,NA,NA,NA,NA,118.58,NA,NA,NA,NA,1023.24,NA,195.03,NA,NA,NA,NA,NA,68.48,NA,NA,NA,NA,NA,42.84,NA,11.83,NA,NA,1,3,1,0,1,1,1,0,0,1,0,1,1,0,0,0,-1,5,3,3,3.6666666666666665,3,4,4,4,3,4,4,5,5,5,4,4,3,3,6,6,5,3,3,4,3,3,4,4,4,3,4,3,4,5,5,6,5,4,0.6,0.4,0.6,0.5,0.5,0.75,0.5333333333333333,0.5833333333333334,4.75,4.25,3.5,3.75,5.666666666666667,5,0.050000000000000044,-0.5,0.25,-0.666666666666667
67896102d98295a520a25ebb,24,B,3,0,TRUE,FALSE,00:00:07,35,35,0,NA,NA,NA,NA,NA,NA,NA,NA,NA,NA,TRUE,FALSE,00:10:46,61,61,0,NA,NA,NA,NA,NA,NA,NA,NA,NA,NA,TRUE,TRUE,00:00:29,81,68,-13,3,1,0,2,0,0,1,"B404,B602,B603","blacklist,subprocess_popen_with_shell_equals_true,subprocess_without_shell_equals_true","common,common,new",38,2025-11-30T09:50:08Z,9,en,19333160,2025-11-30T08:59:15Z,2025-11-30T09:50:08Z,67896102d98295a520a25ebb,Yes,Yes,Yes,30,Male,NA,United Kingdom of Great Britain and Northern Ireland,NA,"Graduate degree (MSc., Ph.D.)",4 to 5 years,SOMETIMES,SOMETIMES,RARELY,RARELY,OFTEN,SOMETIMES,OFTEN,SOMETIMES,ALWAYS,RARELY,SOMETIMES,RARELY,No,COMPLETELY DISAGREE,AGREE,SOMEHOW DISAGREE,No,No,No,Yes,No,AGREE,SOMEHOW DISAGREE,COMPLETELY AGREE,"It makes my work easier and faster, helping me cut through the tough part of my task",AGREE,DISAGREE,AGREE,SOMEHOW AGREE,COMPLETELY AGREE,AGREE,AGREE,SOMEHOW DISAGREE,AGREE,AGREE,AGREE,761528,YES,YES,I used the tool recommendation and i followed it because i believe in the tool,Likely,It was a wonderful experience,ABOVE AVERAGE,AGREE,AGREE,AGREE,NEVER,NEVER,RARELY,COMPLETELY AGREE,AGREE,AGREE,AGREE,AGREE,COMPLETELY DISAGREE,AGREE,AGREE,YES,NA,NA,3055.72,23.8,NA,NA,94.27,NA,NA,NA,NA,NA,NA,147.28,NA,NA,NA,NA,NA,NA,116.97,NA,NA,NA,NA,2461.52,NA,146.13,NA,NA,NA,NA,NA,33.59,NA,NA,NA,NA,NA,11.23,NA,20.93,NA,NA,1,3,1,0,1,0,1,1,0,0,1,1,1,3,0,0,1,5,3,6,4.666666666666667,1,5,3,6,2,3,5,5,5,4,6,5,5,3,5,5,5,1,1,2,5,5,2,6,5,5,5,5,6,5,5,5,5,5,1,0.2,0.4,1,1,0.25,0.5333333333333333,0.75,4.75,5.25,4.75,5.25,5,5,0.21666666666666667,0.5,0.5,0
6718c55c0df4407cbaf8e00b,25,A,3,0,TRUE,FALSE,00:02:42,35,35,0,NA,NA,NA,NA,NA,NA,NA,NA,NA,NA,TRUE,FALSE,00:00:12,18,18,0,NA,NA,NA,NA,NA,NA,NA,NA,NA,NA,TRUE,FALSE,00:01:19,15,15,0,NA,NA,NA,NA,NA,NA,NA,NA,NA,NA,40,2025-11-30T14:25:38Z,9,en,1788787564,2025-11-30T13:58:03Z,2025-11-30T14:25:38Z,6718c55c0df4407cbaf8e00b,Yes,Yes,Yes,24,Male,NA,South Africa,NA,"Undergraduate degree (BSc., BA.)",3 to 4 years,OFTEN,SOMETIMES,OFTEN,OFTEN,SOMETIMES,RARELY,SOMETIMES,SOMETIMES,OFTEN,OFTEN,SOMETIMES,OFTEN,yes,SOMEHOW DISAGREE,COMPLETELY AGREE,DISAGREE,No,No,No,Yes,No,COMPLETELY AGREE,SOMEHOW AGREE,COMPLETELY AGREE,"GenAI can quickly explain unfamiliar syntax, patterns, or libraries, helping you ramp up faster when exploring new tech.",AGREE,DISAGREE,COMPLETELY DISAGREE,COMPLETELY AGREE,AGREE,AGREE,SOMEHOW AGREE,SOMEHOW DISAGREE,COMPLETELY AGREE,COMPLETELY AGREE,SOMEHOW AGREE,761528,NO,YES,The suggestions improved efficiency and helped me reach a solution faster.,Very Likely,"The coding tasks were clear and engaging, and they provided a good balance of challenge and practical problem-solving. Some tasks required extra attention to security considerations, which made the experience more insightful. Overall, the process was smooth and well-structured.
",ABOVE AVERAGE,COMPLETELY AGREE,COMPLETELY AGREE,SOMEHOW AGREE,SOMETIMES,OFTEN,RARELY,SOMEHOW AGREE,AGREE,SOMEHOW AGREE,SOMEHOW DISAGREE,AGREE,DISAGREE,COMPLETELY DISAGREE,AGREE,YES,NA,NA,1659.31,13.35,NA,NA,88.43,NA,NA,NA,NA,NA,NA,161.41,NA,NA,NA,NA,NA,NA,168.41,NA,NA,NA,NA,832.12,NA,153.72,NA,NA,NA,NA,NA,117.56,NA,NA,NA,NA,NA,92.55,NA,31.76,NA,NA,0,3,1,0,1,0,1,0,0,0,0,0,0,0,0,0,0,6,4,6,5.333333333333333,3,6,2,4,1,2,5,5,1,6,5,5,4,3,6,6,4,3,4,2,3,2,2,4,5,4,3,5,5,1,5,6,6,4,0.6,0,0.2,0.5,0.25,0.25,0.26666666666666666,0.3333333333333333,4.25,4,4.25,4,5.333333333333333,5.333333333333333,0.06666666666666665,-0.25,-0.25,0
601941db6605160008690742,27,A,3,0,TRUE,FALSE,00:00:08,30,30,0,NA,NA,NA,NA,NA,NA,NA,NA,NA,NA,TRUE,TRUE,00:01:36,29,28,-1,0,0,0,0,0,0,-1,B311,blacklist,fixed,TRUE,FALSE,00:00:20,31,31,0,NA,NA,NA,NA,NA,NA,NA,NA,NA,NA,49,2025-12-05T00:28:31Z,9,en,1342819927,2025-12-05T00:13:15Z,2025-12-05T00:28:31Z,601941db6605160008690742,Yes,Yes,Yes,33,Male,NA,Poland,NA,"Graduate degree (MSc., Ph.D.)",> 5 years,OFTEN,OFTEN,OFTEN,OFTEN,OFTEN,SOMETIMES,RARELY,OFTEN,SOMETIMES,NEVER,RARELY,RARELY,NA,DISAGREE,SOMEHOW AGREE,SOMEHOW AGREE,No,No,No,Yes,No,SOMEHOW AGREE,COMPLETELY DISAGREE,SOMEHOW AGREE,I like technology,DISAGREE,DISAGREE,DISAGREE,AGREE,SOMEHOW DISAGREE,DISAGREE,DISAGREE,SOMEHOW DISAGREE,AGREE,AGREE,AGREE,761528,YES,YES,I followed it because I thought he/she had suggested a good solution,Likely,NA,ABOVE AVERAGE,AGREE,AGREE,AGREE,RARELY,RARELY,SOMETIMES,SOMEHOW DISAGREE,DISAGREE,SOMEHOW DISAGREE,SOMEHOW DISAGREE,COMPLETELY DISAGREE,COMPLETELY DISAGREE,COMPLETELY DISAGREE,AGREE,YES,NA,NA,917.56,8.99,NA,NA,58.03,NA,NA,NA,NA,NA,NA,82.84,NA,NA,NA,NA,NA,NA,71.31,NA,NA,NA,NA,515.1,NA,92.45,NA,NA,NA,NA,NA,47.56,NA,NA,NA,NA,NA,26.18,NA,15.1,NA,NA,0,3,1,0,1,1,1,0,0,1,0,1,1,0,0,0,-1,4,1,4,3,2,4,4,5,3,4,2,5,2,5,3,2,2,3,5,5,5,2,2,3,4,4,3,3,2,3,3,1,6,1,5,5,5,5,0.8,0.4,0.6,0.75,0.75,0.5,0.6000000000000001,0.6666666666666666,3.5,3.25,2.5,2.75,5,5,0.06666666666666654,-0.25,0.25,0
605415efff124848ed5fd8e3,28,A,3,0,TRUE,FALSE,00:00:05,36,36,0,NA,NA,NA,NA,NA,NA,NA,NA,NA,NA,TRUE,TRUE,00:00:55,34,34,0,0,0,0,0,0,0,-1,B311,blacklist,fixed,TRUE,TRUE,00:02:17,41,55,14,3,0,0,3,-1,0,2,"B404,B602,B603","blacklist,subprocess_popen_with_shell_equals_true,subprocess_without_shell_equals_true","common,fixed,new",50,2025-12-05T00:56:25Z,9,en,1110912603,2025-12-05T00:21:31Z,2025-12-05T00:56:25Z,605415efff124848ed5fd8e3,Yes,Yes,Yes,26,Male,NA,Portugal,NA,"Graduate degree (MSc., Ph.D.)",3 to 4 years,OFTEN,OFTEN,SOMETIMES,OFTEN,SOMETIMES,OFTEN,SOMETIMES,ALWAYS,OFTEN,OFTEN,SOMETIMES,OFTEN,Technical Ideias to solve a certain problem,AGREE,SOMEHOW AGREE,AGREE,No,No,No,Yes,No,AGREE,AGREE,AGREE,"Tasks like generating models, CRUD operations, or configuration files become faster and less error-prone so i can focus on architecture and complex problems",SOMEHOW AGREE,AGREE,SOMEHOW AGREE,SOMEHOW AGREE,AGREE,SOMEHOW AGREE,AGREE,SOMEHOW AGREE,SOMEHOW AGREE,AGREE,AGREE,761528,YES,YES,"The tools (like Bandit or security scanners) usually recommend changes to mitigate risks such as arbitrary code execution, template injection, or unvalidated user input.",Likely,"One thing that stood out was how subtle security risks can be in everyday programming for example, using random instead of secrets for session IDs, or running subprocesses with shell=True. Initially, some of these choices seem harmless, but in practice, they can introduce high-severity vulnerabilities.",AVERAGE,AGREE,AGREE,AGREE,SOMETIMES,SOMETIMES,SOMETIMES,SOMEHOW AGREE,AGREE,SOMEHOW AGREE,AGREE,AGREE,SOMEHOW AGREE,AGREE,COMPLETELY AGREE,YES,NA,NA,2097.49,1132.3,NA,NA,30.87,NA,NA,NA,NA,NA,NA,114.15,NA,NA,NA,NA,NA,NA,85.25,NA,NA,NA,NA,542.67,NA,105.84,NA,NA,NA,NA,NA,51.51,NA,NA,NA,NA,NA,29.62,NA,5.28,NA,NA,0,3,1,0,1,1,1,1,0,1,1,2,1,3,-1,0,1,5,5,5,5,5,4,5,2,3,5,4,2,4,4,5,4,5,4,4,5,5,3,3,3,3,3,3,4,5,4,5,5,3,5,6,5,5,5,0.2,0.4,0.8,0.5,0.5,0.5,0.46666666666666673,0.5,3.5,4.75,4.5,4.5,4.666666666666667,5,0.03333333333333327,1.25,0,0.33333333333333304
68d6735a42a45ae88db9691a,29,A,3,0,TRUE,FALSE,00:00:09,30,30,0,NA,NA,NA,NA,NA,NA,NA,NA,NA,NA,TRUE,FALSE,00:00:16,33,33,0,NA,NA,NA,NA,NA,NA,NA,NA,NA,NA,TRUE,FALSE,00:00:23,46,46,0,NA,NA,NA,NA,NA,NA,NA,NA,NA,NA,52,2025-12-05T01:16:05Z,9,en,36009097,2025-12-05T00:56:35Z,2025-12-05T01:16:05Z,68d6735a42a45ae88db9691a,Yes,Yes,Yes,24,Male,NA,Egypt,NA,"Undergraduate degree (BSc., BA.)",< 1 year,OFTEN,NEVER,NEVER,ALWAYS,NEVER,ALWAYS,SOMETIMES,OFTEN,ALWAYS,ALWAYS,OFTEN,OFTEN,Suggesting the best tools to use.,COMPLETELY DISAGREE,COMPLETELY AGREE,COMPLETELY DISAGREE,No,No,No,Yes,No,COMPLETELY AGREE,COMPLETELY DISAGREE,COMPLETELY AGREE,GenAI technologies help me write better and optimized code.,COMPLETELY AGREE,COMPLETELY DISAGREE,COMPLETELY DISAGREE,COMPLETELY AGREE,COMPLETELY AGREE,SOMEHOW AGREE,SOMEHOW AGREE,AGREE,COMPLETELY AGREE,COMPLETELY AGREE,COMPLETELY AGREE,761528,YES,YES,I used the tool to find out the vulnerabilities in the code. I saw that they were not severe.,Very Likely,The security tool is good.,VERY HIGH,COMPLETELY AGREE,COMPLETELY AGREE,COMPLETELY AGREE,NEVER,ALWAYS,NEVER,COMPLETELY AGREE,SOMEHOW AGREE,SOMEHOW AGREE,AGREE,COMPLETELY AGREE,COMPLETELY DISAGREE,COMPLETELY DISAGREE,COMPLETELY AGREE,YES,NA,NA,1173.87,69.64,NA,NA,94.29,NA,NA,NA,NA,NA,NA,171.58,NA,NA,NA,NA,NA,NA,130.62,NA,NA,NA,NA,420.53,NA,120.32,NA,NA,NA,NA,NA,71.76,NA,NA,NA,NA,NA,73.59,NA,21.54,NA,NA,0,3,1,0,1,0,1,0,0,0,0,0,0,0,0,0,0,6,1,6,4.333333333333333,1,6,1,6,1,1,6,6,1,6,6,4,4,5,6,6,6,1,5,1,5,1,1,6,4,4,5,6,6,1,6,6,6,6,1,0,0,1,0,0,0.3333333333333333,0.3333333333333333,4.75,4.75,4.75,4.75,6,6,0,0,0,0
68c84dcc3bc98e934dd2fffa,30,A,3,0,TRUE,FALSE,00:00:04,48,48,0,NA,NA,NA,NA,NA,NA,NA,NA,NA,NA,TRUE,FALSE,00:00:06,21,21,0,NA,NA,NA,NA,NA,NA,NA,NA,NA,NA,TRUE,FALSE,00:00:30,43,43,0,NA,NA,NA,NA,NA,NA,NA,NA,NA,NA,53,2025-12-05T01:31:17Z,9,en,12266551,2025-12-05T01:05:09Z,2025-12-05T01:31:17Z,68c84dcc3bc98e934dd2fffa,Yes,Yes,Yes,25,Male,NA,Egypt,NA,"Undergraduate degree (BSc., BA.)",2 to 3 years,SOMETIMES,ALWAYS,OFTEN,ALWAYS,SOMETIMES,ALWAYS,ALWAYS,ALWAYS,ALWAYS,ALWAYS,ALWAYS,ALWAYS,no,COMPLETELY DISAGREE,AGREE,SOMEHOW DISAGREE,No,No,No,Yes,No,COMPLETELY AGREE,DISAGREE,COMPLETELY AGREE,GenAI is pretty fun to discover and use.,COMPLETELY DISAGREE,COMPLETELY DISAGREE,COMPLETELY DISAGREE,COMPLETELY AGREE,COMPLETELY AGREE,COMPLETELY AGREE,COMPLETELY AGREE,COMPLETELY AGREE,COMPLETELY AGREE,COMPLETELY AGREE,COMPLETELY AGREE,761528,YES,YES,i followed the recommendations as i try to always perfect my code.,Very Likely,great experience.,VERY HIGH,COMPLETELY AGREE,COMPLETELY AGREE,COMPLETELY AGREE,NEVER,ALWAYS,RARELY,COMPLETELY AGREE,COMPLETELY AGREE,COMPLETELY AGREE,COMPLETELY AGREE,COMPLETELY AGREE,COMPLETELY DISAGREE,COMPLETELY DISAGREE,COMPLETELY AGREE,YES,NA,NA,1571.38,9.17,NA,NA,58.71,NA,NA,NA,NA,NA,NA,385.78,NA,NA,NA,NA,NA,NA,280.28,NA,NA,NA,NA,639.32,NA,93.54,NA,NA,NA,NA,NA,58.24,NA,NA,NA,NA,NA,21.92,NA,24.42,NA,NA,0,3,1,0,1,0,1,0,0,0,0,0,0,0,0,0,0,6,2,6,4.666666666666667,1,5,3,6,2,3,1,6,1,6,6,6,6,6,6,6,6,1,5,2,5,1,2,6,6,6,6,6,6,1,6,6,6,6,1,0.2,0.4,1,0,0.25,0.5333333333333333,0.4166666666666667,3.5,4.75,6,6,6,6,-0.11666666666666664,1.25,0,0
602d86345f6c24812bfc3a4e,31,B,2,1,TRUE,TRUE,00:00:14,30,30,0,0,0,0,0,0,0,0,NA,NA,NA,TRUE,TRUE,00:06:22,31,29,-2,1,0,0,1,0,0,0,B311,blacklist,common,FALSE,FALSE,NA,31,31,0,NA,NA,NA,NA,NA,NA,NA,NA,NA,NA,54,2025-12-05T02:01:54Z,9,en,198014419,2025-12-05T01:18:42Z,2025-12-05T02:01:54Z,602d86345f6c24812bfc3a4e,Yes,Yes,Yes,27,Male,NA,Mexico,NA,"Undergraduate degree (BSc., BA.)",> 5 years,SOMETIMES,OFTEN,SOMETIMES,OFTEN,RARELY,OFTEN,OFTEN,RARELY,SOMETIMES,SOMETIMES,RARELY,SOMETIMES,Generating code to implement libraries that I’m not yet familiar with.,SOMEHOW AGREE,AGREE,COMPLETELY DISAGREE,No,No,No,Yes,No,AGREE,COMPLETELY DISAGREE,SOMEHOW AGREE,It helps a lot to speed up development specially when you already know how to code.,SOMEHOW AGREE,SOMEHOW DISAGREE,AGREE,COMPLETELY AGREE,SOMEHOW DISAGREE,SOMEHOW DISAGREE,DISAGREE,COMPLETELY DISAGREE,AGREE,AGREE,AGREE,761528,YES,YES,Because some recommendations were additional to the process and not essential.,Likely,I think it was fun. The tasks didnt specify if using libraries was prohibited or not,AVERAGE,AGREE,AGREE,AGREE,RARELY,OFTEN,RARELY,SOMEHOW AGREE,SOMEHOW AGREE,DISAGREE,DISAGREE,AGREE,DISAGREE,AGREE,AGREE,YES,NA,NA,1162.05,11.48,NA,NA,87.52,NA,NA,NA,NA,NA,NA,109.88,NA,NA,NA,NA,NA,NA,139.79,NA,NA,NA,NA,81.88,NA,172.14,NA,NA,NA,NA,NA,52.49,NA,NA,NA,NA,NA,36.49,NA,470.38,NA,NA,1,2,1,1,1,1,0,0,1,1,0,2,1,1,0,0,0,5,1,4,3.3333333333333335,4,5,1,3,2,1,4,4,5,6,3,3,2,1,5,5,5,2,4,2,4,2,2,4,4,2,2,5,5,5,5,5,5,5,0.4,0.2,0,0.75,0.25,0.25,0.20000000000000004,0.4166666666666667,4.75,5,2.25,3,5,5,0.21666666666666665,0.25,0.75,0
611a702fa7003f9ed350ebb4,33,B,3,0,TRUE,TRUE,00:04:35,38,40,2,0,0,0,0,0,0,0,NA,NA,NA,TRUE,TRUE,00:07:39,34,34,0,1,0,0,1,0,0,0,B311,blacklist,common,TRUE,FALSE,00:00:58,38,38,0,NA,NA,NA,NA,NA,NA,NA,NA,NA,NA,57,NA,8,en,2111920363,2025-12-05T01:45:09Z,2025-12-05T02:42:56Z,611a702fa7003f9ed350ebb4,Yes,Yes,Yes,26,Male,NA,South Africa,NA,"Graduate degree (MSc., Ph.D.)",1 to 2 years,RARELY,SOMETIMES,SOMETIMES,OFTEN,RARELY,OFTEN,SOMETIMES,SOMETIMES,OFTEN,OFTEN,SOMETIMES,SOMETIMES,"I also use GenAI tools for learning new concepts, improving code readability, and exploring alternative solutions.",DISAGREE,AGREE,SOMEHOW AGREE,No,No,No,Yes,No,AGREE,DISAGREE,AGREE,"GenAI helps me work faster and reduce repetitive tasks, saving time and improving my productivity.",SOMEHOW AGREE,DISAGREE,AGREE,SOMEHOW AGREE,AGREE,SOMEHOW AGREE,SOMEHOW AGREE,SOMEHOW AGREE,AGREE,AGREE,SOMEHOW AGREE,761528,YES,YES,There were some error or issue suggestions from the tool.,Somewhat Likely,No thoughts,AVERAGE,AGREE,AGREE,SOMEHOW AGREE,SOMETIMES,OFTEN,SOMETIMES,AGREE,SOMEHOW AGREE,SOMEHOW AGREE,SOMEHOW AGREE,AGREE,SOMEHOW DISAGREE,SOMEHOW AGREE,SOMEHOW AGREE,YES,NA,NA,3479.97,20.52,NA,NA,252.39,NA,NA,NA,NA,NA,NA,237.68,NA,NA,NA,NA,NA,NA,207.63,NA,NA,NA,NA,2583.25,NA,93.77,NA,NA,NA,NA,NA,46.27,NA,NA,NA,NA,NA,38.46,NA,NA,NA,NA,1,3,1,1,1,1,1,0,1,1,0,2,1,1,0,0,0,5,2,5,4,2,5,4,5,2,4,4,5,5,4,5,4,4,4,5,5,4,3,4,3,3,2,3,5,4,4,4,5,4,4,4,5,5,4,0.8,0.2,0.6,0.5,0.25,0.5,0.5333333333333333,0.4166666666666667,4.5,4.25,4.25,4.25,4.666666666666667,4.666666666666667,-0.11666666666666664,-0.25,0,0
692b2dc2fabccc75b20df0a8,32,B,3,0,TRUE,TRUE,00:00:14,34,34,0,0,0,0,0,0,0,0,NA,NA,NA,TRUE,FALSE,00:00:08,31,31,0,NA,NA,NA,NA,NA,NA,NA,NA,NA,NA,TRUE,FALSE,00:01:10,35,35,0,NA,NA,NA,NA,NA,NA,NA,NA,NA,NA,58,2025-12-05T02:21:24Z,9,en,549152750,2025-12-05T01:50:10Z,2025-12-05T02:21:24Z,692b2dc2fabccc75b20df0a8,Yes,Yes,Yes,24,Female,NA,Canada,NA,"Undergraduate degree (BSc., BA.)",1 to 2 years,RARELY,ALWAYS,RARELY,RARELY,RARELY,ALWAYS,RARELY,RARELY,OFTEN,OFTEN,ALWAYS,SOMETIMES,Understanding of concepts,DISAGREE,SOMEHOW AGREE,SOMEHOW DISAGREE,No,No,No,Yes,No,DISAGREE,COMPLETELY DISAGREE,SOMEHOW AGREE,Inspiration and exploration of design and different approaches to coding questions.,AGREE,DISAGREE,SOMEHOW AGREE,COMPLETELY AGREE,SOMEHOW DISAGREE,SOMEHOW DISAGREE,SOMEHOW DISAGREE,SOMEHOW AGREE,COMPLETELY AGREE,COMPLETELY AGREE,COMPLETELY AGREE,761528,YES,YES,"Depending on the severity of the recommendations, some I chose not to edit.",Likely,I was curious about the confidence level that the GenAI provides. I wish at first there could be explanantion of the severity and confidence level though it might have been obvious.,AVERAGE,COMPLETELY AGREE,COMPLETELY AGREE,COMPLETELY AGREE,RARELY,OFTEN,SOMETIMES,SOMEHOW DISAGREE,SOMEHOW DISAGREE,SOMEHOW DISAGREE,SOMEHOW AGREE,SOMEHOW AGREE,SOMEHOW AGREE,SOMEHOW AGREE,AGREE,YES,NA,NA,1877.98,10.76,NA,NA,46.43,NA,NA,NA,NA,NA,NA,123.57,NA,NA,NA,NA,NA,NA,104.12,NA,NA,NA,NA,1359.66,NA,156.51,NA,NA,NA,NA,NA,55.77,NA,NA,NA,NA,NA,4.76,NA,16.4,NA,NA,1,3,1,1,1,0,1,0,1,0,0,1,1,0,0,0,0,2,1,4,2.3333333333333335,2,4,3,5,3,3,5,5,4,6,3,3,3,4,6,6,6,2,4,3,4,2,3,3,3,3,4,4,3,4,5,6,6,6,0.8,0.4,0.4,0.75,0.25,0.5,0.5333333333333333,0.5,5,4,3.25,3.25,6,6,-0.033333333333333326,-1,0,0
605b787e15c5cdab9f698cb4,34,B,3,0,TRUE,FALSE,00:00:07,58,58,0,NA,NA,NA,NA,NA,NA,NA,NA,NA,NA,TRUE,TRUE,00:00:51,48,49,1,1,0,0,1,0,0,0,B311,blacklist,common,TRUE,FALSE,00:00:07,69,69,0,NA,NA,NA,NA,NA,NA,NA,NA,NA,NA,59,2025-12-05T02:46:32Z,9,en,615873426,2025-12-05T01:53:17Z,2025-12-05T02:46:32Z,605b787e15c5cdab9f698cb4,Yes,Yes,Yes,34,Female,NA,South Africa,NA,"Graduate degree (MSc., Ph.D.)",> 5 years,SOMETIMES,SOMETIMES,OFTEN,OFTEN,RARELY,OFTEN,OFTEN,SOMETIMES,OFTEN,OFTEN,SOMETIMES,SOMETIMES,"To explore alternative solutions, It really helps with brainstorming.",SOMEHOW DISAGREE,AGREE,DISAGREE,No,No,No,Yes,No,DISAGREE,COMPLETELY DISAGREE,AGREE,"GenAI tools are great at providing or suggesting alternative solutions which i might not have thought of. I find that using it for brainstorming or to improve my current code solution, they really come in handy and open up new creativity and logic that I sometimes use to improve my code, and even skills sometimes because they help learn concepts quick and easy.",AGREE,DISAGREE,AGREE,AGREE,AGREE,SOMEHOW AGREE,SOMEHOW AGREE,SOMEHOW AGREE,AGREE,AGREE,SOMEHOW AGREE,761528,NO,YES,"For task 2 and 3, the tool indicated no errors detected so I just completed. For task it showed an error in line 22, which I ignored because I think It was a comment so there's no need to change the line of code.",Very Likely,"The coding task were very clear and easy to implement. Although the coding level itself were not too easy or too complicated but it was easy to understand what is required and what level of code interpretation is required. Also the suggested solutions made a great brainstorming or skeleton code to work on, and improve on.",ABOVE AVERAGE,AGREE,AGREE,SOMEHOW AGREE,RARELY,ALWAYS,NEVER,AGREE,SOMEHOW AGREE,SOMEHOW AGREE,SOMEHOW AGREE,AGREE,DISAGREE,AGREE,AGREE,YES,NA,NA,3198.3,32.01,NA,NA,145.42,NA,NA,NA,NA,NA,NA,404.16,NA,NA,NA,NA,NA,NA,398.59,NA,NA,NA,NA,1525.93,NA,483.57,NA,NA,NA,NA,NA,138.64,NA,NA,NA,NA,NA,47.88,NA,22.1,NA,NA,1,3,1,0,1,1,1,0,0,1,0,1,1,1,0,0,0,2,1,5,2.6666666666666665,3,5,2,4,2,2,5,5,5,5,5,4,4,4,5,5,4,2,5,1,4,1,1,5,4,4,4,5,5,5,5,5,5,4,0.6,0.2,0.2,0.75,0,0,0.3333333333333333,0.25,5,5,4.25,4.25,4.666666666666667,4.666666666666667,-0.08333333333333331,0,0,0
69289ee670aad30bf97ccddf,36,B,3,0,TRUE,FALSE,00:00:05,31,31,0,NA,NA,NA,NA,NA,NA,NA,NA,NA,NA,TRUE,TRUE,00:01:56,31,31,0,0,0,0,0,0,0,-1,B311,blacklist,fixed,TRUE,TRUE,00:02:20,32,32,0,0,0,0,0,-1,0,-1,"B404,B602","blacklist,subprocess_popen_with_shell_equals_true","fixed,fixed",61,2025-12-05T08:10:54Z,9,en,665286765,2025-12-05T07:48:59Z,2025-12-05T08:10:54Z,69289ee670aad30bf97ccddf,Yes,Yes,Yes,25,Male,NA,Italy,NA,"Undergraduate degree (BSc., BA.)",1 to 2 years,RARELY,OFTEN,SOMETIMES,OFTEN,SOMETIMES,OFTEN,ALWAYS,ALWAYS,OFTEN,SOMETIMES,ALWAYS,OFTEN,N/A,SOMEHOW AGREE,AGREE,SOMEHOW AGREE,No,No,No,Yes,No,SOMEHOW AGREE,AGREE,AGREE,"It helps both professionally and personally, as I don't have to waste hours searching through libraries and reviewing documentation.",SOMEHOW AGREE,SOMEHOW DISAGREE,AGREE,SOMEHOW AGREE,SOMEHOW AGREE,SOMEHOW AGREE,AGREE,SOMEHOW DISAGREE,COMPLETELY AGREE,AGREE,AGREE,761528,YES,YES,"If the threat was low and insignificant, there was no need for me to refactor or change the code; however, I did address issues where the risk was high or critical.",Very Likely,This feature has great potential as it will be very helpful in tackling hacking and improving security. I will surely be using this feature even if it is in the paid bracket.,ABOVE AVERAGE,AGREE,SOMEHOW AGREE,SOMEHOW AGREE,RARELY,SOMETIMES,SOMETIMES,AGREE,AGREE,COMPLETELY AGREE,SOMEHOW DISAGREE,SOMEHOW AGREE,DISAGREE,AGREE,SOMEHOW AGREE,YES,NA,NA,1317.22,7.79,NA,NA,70.26,NA,NA,NA,NA,NA,NA,101.53,NA,NA,NA,NA,NA,NA,149.28,NA,NA,NA,NA,708.71,NA,193.51,NA,NA,NA,NA,NA,72.96,NA,NA,NA,NA,NA,5,NA,8.18,NA,NA,1,3,1,0,1,1,1,1,0,1,1,2,1,0,-1,0,-2,4,5,5,4.666666666666667,4,5,4,3,2,4,4,4,5,4,4,4,5,3,6,5,5,2,3,3,4,3,3,5,5,6,3,4,5,5,4,5,4,4,0.4,0.2,0.6,0.75,0.5,0.5,0.4000000000000001,0.5833333333333334,4.25,4.5,4,4.75,5.333333333333333,4.333333333333333,0.1833333333333333,0.25,0.75,-1
68d56ac9a18490172556aaba,39,A,1,2,FALSE,FALSE,NA,31,31,0,NA,NA,NA,NA,NA,NA,NA,NA,NA,NA,TRUE,TRUE,00:01:24,28,28,0,0,0,0,0,0,0,-1,B311,blacklist,fixed,FALSE,FALSE,NA,33,33,0,NA,NA,NA,NA,NA,NA,NA,NA,NA,NA,63,2025-12-05T08:14:50Z,9,en,1916097451,2025-12-05T07:54:37Z,2025-12-05T08:14:50Z,68d56ac9a18490172556aaba,Yes,Yes,Yes,22,Male,NA,India,NA,"Graduate degree (MSc., Ph.D.)",2 to 3 years,SOMETIMES,OFTEN,OFTEN,SOMETIMES,RARELY,ALWAYS,OFTEN,ALWAYS,SOMETIMES,OFTEN,OFTEN,RARELY,"brainstorming approaches,  understanding error logs,  converting code between languages,  generating boilerplate  and explaining APIs",COMPLETELY DISAGREE,DISAGREE,DISAGREE,No,No,No,Yes,No,COMPLETELY AGREE,AGREE,COMPLETELY AGREE,GenAI helps me experiment with ideas quickly and see rough drafts instantly. It’s useful when I want to prototype a concept without overthinking.,AGREE,COMPLETELY DISAGREE,AGREE,COMPLETELY AGREE,SOMEHOW AGREE,AGREE,SOMEHOW DISAGREE,SOMEHOW AGREE,COMPLETELY AGREE,COMPLETELY AGREE,AGREE,761528,NO,YES,"I followed the recommendations because they were relevant to the security context of the tasks. The suggestions were straightforward, and checking for safety issues is part of my normal workflow, so it made sense to apply them.",Very Unlikely,"The tasks were clear and practical, and I appreciated the security-focused hints the tool provided. The interface worked smoothly, and the separation between starter code and editable code made it easy to stay oriented. Overall, the workflow was straightforward and the tasks felt realistic.",VERY HIGH,AGREE,AGREE,AGREE,SOMETIMES,OFTEN,RARELY,AGREE,AGREE,SOMEHOW AGREE,SOMEHOW DISAGREE,AGREE,DISAGREE,AGREE,COMPLETELY AGREE,YES,NA,NA,1216.82,24.96,NA,NA,108.01,NA,NA,NA,NA,NA,NA,130.66,NA,NA,NA,NA,NA,NA,110.68,NA,NA,NA,NA,611.75,NA,92.87,NA,NA,NA,NA,NA,91.8,NA,NA,NA,NA,NA,38.13,NA,7.96,NA,NA,0,1,0,0,1,1,0,0,0,1,0,1,1,0,0,0,-1,6,5,6,5.666666666666667,1,2,2,6,5,2,5,6,5,6,4,5,3,4,6,6,5,3,4,2,3,2,2,5,5,4,3,5,5,5,6,5,5,5,1,0.8,0.2,0.5,0.25,0.25,0.6666666666666666,0.3333333333333333,5.5,5.25,4,4.25,5.666666666666667,5,-0.3333333333333333,-0.25,0.25,-0.666666666666667
5bacc09b709f60000104352f,38,A,3,0,TRUE,FALSE,00:00:08,33,33,0,NA,NA,NA,NA,NA,NA,NA,NA,NA,NA,TRUE,FALSE,00:00:11,35,35,0,NA,NA,NA,NA,NA,NA,NA,NA,NA,NA,TRUE,FALSE,00:00:42,37,37,0,NA,NA,NA,NA,NA,NA,NA,NA,NA,NA,64,2025-12-05T08:19:14Z,9,en,825504010,2025-12-05T07:57:16Z,2025-12-05T08:19:14Z,5bacc09b709f60000104352f,Yes,Yes,Yes,30,Male,NA,United States of America,NA,"Undergraduate degree (BSc., BA.)",> 5 years,NEVER,ALWAYS,RARELY,ALWAYS,RARELY,ALWAYS,OFTEN,OFTEN,ALWAYS,SOMETIMES,ALWAYS,ALWAYS,"Code generation in general, specially if adding code that is similar to existing code",DISAGREE,SOMEHOW AGREE,DISAGREE,No,No,No,Yes,No,SOMEHOW AGREE,SOMEHOW AGREE,SOMEHOW DISAGREE,It makes me more productive since I use it for very time consuming tasks that are simpler,AGREE,COMPLETELY DISAGREE,COMPLETELY AGREE,COMPLETELY AGREE,COMPLETELY AGREE,COMPLETELY AGREE,AGREE,AGREE,COMPLETELY AGREE,COMPLETELY AGREE,COMPLETELY AGREE,761528,YES,YES,Some of the recommendations weren't critical in my opinion.,Likely,"I honestly haven't written code to run scripts in python in a long time, I'm assuming part of the test was to have users feel forced to use AI.",AVERAGE,COMPLETELY AGREE,COMPLETELY AGREE,COMPLETELY AGREE,RARELY,RARELY,RARELY,COMPLETELY AGREE,COMPLETELY AGREE,COMPLETELY AGREE,AGREE,AGREE,DISAGREE,COMPLETELY AGREE,COMPLETELY AGREE,YES,NA,NA,1322.08,6.11,NA,NA,37.48,NA,NA,NA,NA,NA,NA,91.05,NA,NA,NA,NA,NA,NA,66.58,NA,NA,NA,NA,968.72,NA,80.2,NA,NA,NA,NA,NA,41.48,NA,NA,NA,NA,NA,17.33,NA,13.13,NA,NA,0,3,1,0,1,0,1,0,0,0,0,0,0,0,0,0,0,4,4,3,3.6666666666666665,2,4,2,5,3,2,5,6,6,6,6,6,5,5,6,6,6,2,2,2,4,4,2,6,6,6,5,5,5,6,6,6,6,6,0.8,0.4,0.2,0.75,0.75,0.25,0.46666666666666673,0.5833333333333334,5.75,5.5,5.5,5.75,6,6,0.11666666666666664,-0.25,0.25,0
664b876ebe0680d014a1c471,41,A,3,0,TRUE,TRUE,00:00:52,33,30,-3,0,0,0,0,0,0,0,NA,NA,NA,TRUE,TRUE,00:02:02,32,27,-5,0,0,0,0,0,0,-1,B311,blacklist,fixed,TRUE,TRUE,00:04:28,43,51,8,3,0,0,3,-1,0,2,"B404,B602,B603","blacklist,subprocess_popen_with_shell_equals_true,subprocess_without_shell_equals_true","common,fixed,new",66,2025-12-05T08:52:17Z,9,en,521036205,2025-12-05T08:23:34Z,2025-12-05T08:52:17Z,664b876ebe0680d014a1c471,Yes,Yes,Yes,24,Male,NA,India,NA,"Undergraduate degree (BSc., BA.)",< 1 year,SOMETIMES,OFTEN,OFTEN,OFTEN,OFTEN,ALWAYS,OFTEN,OFTEN,OFTEN,ALWAYS,ALWAYS,ALWAYS,"No, most of them are already discussed above.",SOMEHOW DISAGREE,SOMEHOW AGREE,SOMEHOW DISAGREE,No,No,No,Yes,No,AGREE,SOMEHOW DISAGREE,SOMEHOW AGREE,There is no human mind blunders that we can do while coding some small parts also.,SOMEHOW AGREE,DISAGREE,SOMEHOW DISAGREE,AGREE,AGREE,AGREE,AGREE,SOMEHOW AGREE,COMPLETELY AGREE,AGREE,AGREE,761528,YES,YES,"Yes, because there are some issues in the code itself which may cause problems in the future.",Likely,Nice to see the functionality of security checks in your AI.,ABOVE AVERAGE,AGREE,AGREE,AGREE,RARELY,OFTEN,SOMETIMES,AGREE,AGREE,AGREE,SOMEHOW AGREE,AGREE,SOMEHOW DISAGREE,SOMEHOW DISAGREE,AGREE,YES,NA,NA,1726.4,15.99,NA,NA,48.78,NA,NA,NA,NA,NA,NA,131.36,NA,NA,NA,NA,NA,NA,107.81,NA,NA,NA,NA,1193.81,NA,84.34,NA,NA,NA,NA,NA,58.96,NA,NA,NA,NA,NA,59.51,NA,25.84,NA,NA,0,3,1,1,1,1,1,1,1,1,1,3,1,3,-1,0,1,5,3,4,4,3,4,3,4,3,3,4,5,3,5,5,5,5,4,6,5,5,2,4,3,4,2,3,5,5,5,4,5,4,3,5,5,5,5,0.6,0.4,0.4,0.75,0.25,0.5,0.4666666666666666,0.5,4.25,4.25,4.75,4.75,5.333333333333333,5,0.03333333333333338,0,0,-0.33333333333333304
6916bcd9fde520e1f46976cb,42,A,3,0,TRUE,FALSE,00:00:04,34,34,0,NA,NA,NA,NA,NA,NA,NA,NA,NA,NA,TRUE,FALSE,00:00:54,37,37,0,NA,NA,NA,NA,NA,NA,NA,NA,NA,NA,TRUE,TRUE,00:02:16,40,40,0,3,1,0,2,0,0,1,"B404,B602,B603","blacklist,subprocess_popen_with_shell_equals_true,subprocess_without_shell_equals_true","common,common,new",67,2025-12-05T08:50:57Z,9,en,1285329529,2025-12-05T08:31:21Z,2025-12-05T08:50:57Z,6916bcd9fde520e1f46976cb,Yes,Yes,Yes,23,Male,NA,Mexico,NA,"Undergraduate degree (BSc., BA.)",1 to 2 years,ALWAYS,SOMETIMES,SOMETIMES,SOMETIMES,ALWAYS,OFTEN,OFTEN,OFTEN,OFTEN,SOMETIMES,OFTEN,SOMETIMES,business logic,SOMEHOW DISAGREE,SOMEHOW AGREE,SOMEHOW DISAGREE,No,No,No,Yes,No,AGREE,AGREE,AGREE,reduction of working time,DISAGREE,DISAGREE,DISAGREE,COMPLETELY AGREE,AGREE,AGREE,SOMEHOW AGREE,SOMEHOW AGREE,AGREE,AGREE,AGREE,761528,YES,YES,I feel that these were tips that could be valid and applicable.,Likely,I am interested in conducting further tests using the tool,ABOVE AVERAGE,AGREE,AGREE,AGREE,RARELY,SOMETIMES,RARELY,AGREE,AGREE,AGREE,AGREE,DISAGREE,DISAGREE,DISAGREE,AGREE,YES,NA,NA,1178.74,10.26,NA,NA,75.7,NA,NA,NA,NA,NA,NA,135.72,NA,NA,NA,NA,NA,NA,94.1,NA,NA,NA,NA,692.82,NA,76.14,NA,NA,NA,NA,NA,62.01,NA,NA,NA,NA,NA,16.24,NA,15.75,NA,NA,0,3,1,0,1,0,1,1,0,0,1,1,1,3,0,0,1,5,5,5,5,3,4,3,4,3,3,2,5,2,6,5,5,4,4,5,5,5,2,3,2,4,3,2,5,5,5,5,2,5,2,5,5,5,5,0.6,0.4,0.4,0.75,0.5,0.25,0.4666666666666666,0.5,3.75,3.5,4.5,5,5,5,0.03333333333333338,-0.25,0.5,0
656afc419322351c400138f7,44,B,3,0,TRUE,FALSE,00:00:07,34,34,0,NA,NA,NA,NA,NA,NA,NA,NA,NA,NA,TRUE,FALSE,00:00:07,31,31,0,NA,NA,NA,NA,NA,NA,NA,NA,NA,NA,TRUE,FALSE,00:00:55,33,33,0,NA,NA,NA,NA,NA,NA,NA,NA,NA,NA,69,2025-12-05T11:40:29Z,9,en,167657715,2025-12-05T11:30:17Z,2025-12-05T11:40:29Z,656afc419322351c400138f7,Yes,Yes,Yes,21,Female,NA,Australia,NA,"Undergraduate degree (BSc., BA.)",1 to 2 years,SOMETIMES,ALWAYS,OFTEN,ALWAYS,RARELY,OFTEN,OFTEN,ALWAYS,ALWAYS,ALWAYS,ALWAYS,ALWAYS,Any kind of documentation or review,DISAGREE,AGREE,SOMEHOW DISAGREE,No,No,No,Yes,No,DISAGREE,DISAGREE,DISAGREE,It's just so much more efficient and helps me break through when I'm stuck on a problem. Everyone else uses it so if I dont then I fall behind,AGREE,DISAGREE,SOMEHOW AGREE,AGREE,AGREE,DISAGREE,DISAGREE,DISAGREE,AGREE,AGREE,SOMEHOW AGREE,761528,NO,YES,Honestly I just thought it was part of the task. In real life I would put much more weight onto it,Likely,I don't typically use GenAI in this way to generate code for me. I usually write it myself then get GenAI to point out any errors or suggest improvements.,ABOVE AVERAGE,AGREE,AGREE,SOMEHOW AGREE,RARELY,OFTEN,RARELY,SOMEHOW AGREE,DISAGREE,DISAGREE,DISAGREE,AGREE,DISAGREE,SOMEHOW AGREE,AGREE,YES,NA,NA,614.7,5.32,NA,NA,18.43,NA,NA,NA,NA,NA,NA,35.85,NA,NA,NA,NA,NA,NA,38.55,NA,NA,NA,NA,405.85,NA,64.8,NA,NA,NA,NA,NA,26.81,NA,NA,NA,NA,NA,14.34,NA,4.75,NA,NA,1,3,1,0,1,0,1,0,0,0,0,0,0,0,0,0,0,2,2,2,2,2,5,3,5,2,3,5,5,4,5,5,2,2,2,5,5,4,2,4,2,4,2,2,4,2,2,2,5,5,4,5,5,5,4,0.8,0.2,0.4,0.75,0.25,0.25,0.4666666666666666,0.4166666666666667,4.75,4.75,2.75,2.5,4.666666666666667,4.666666666666667,-0.04999999999999993,0,-0.25,0
609ea1092e52cba6578846a2,45,B,0,3,FALSE,TRUE,NA,30,33,3,0,0,0,0,0,0,0,NA,NA,NA,FALSE,TRUE,NA,31,31,0,1,0,0,1,0,0,0,B311,blacklist,common,FALSE,FALSE,NA,32,32,0,NA,NA,NA,NA,NA,NA,NA,NA,NA,NA,70,2025-12-05T12:07:41Z,9,en,189329476,2025-12-05T11:30:17Z,2025-12-05T12:07:41Z,609ea1092e52cba6578846a2,Yes,Yes,Yes,24,Female,NA,South Africa,NA,"Undergraduate degree (BSc., BA.)",1 to 2 years,RARELY,ALWAYS,RARELY,SOMETIMES,RARELY,ALWAYS,RARELY,OFTEN,OFTEN,ALWAYS,SOMETIMES,RARELY,None,DISAGREE,COMPLETELY DISAGREE,COMPLETELY DISAGREE,No,No,No,Yes,No,COMPLETELY AGREE,COMPLETELY DISAGREE,AGREE,"I am interested to know about AI, and see what that specific AI tool offers better than the current ones and also what I can implement to improve it. I also do it to learn and understand AI in general.",SOMEHOW DISAGREE,COMPLETELY DISAGREE,SOMEHOW DISAGREE,COMPLETELY AGREE,SOMEHOW DISAGREE,AGREE,AGREE,DISAGREE,COMPLETELY AGREE,COMPLETELY AGREE,COMPLETELY AGREE,761528,YES,YES,"The threats showed on the code that was already added, so I did not what to touch something that wasn't made by me and disrupt the whole code.",Very Likely,"The read only code was the same for all three, so I think the should be fixed so that it aligns with the actual program. I liked the feature of checking vulnerabilities because I will remind them to test the code before actually submitting enforcing the habit od testing the code before pushing it",AVERAGE,AGREE,AGREE,AGREE,RARELY,ALWAYS,NEVER,AGREE,AGREE,AGREE,DISAGREE,DISAGREE,DISAGREE,AGREE,COMPLETELY AGREE,YES,NA,NA,2246.16,17.97,NA,NA,241.8,NA,NA,NA,NA,NA,NA,110.45,NA,NA,NA,NA,NA,NA,179.03,NA,NA,NA,NA,1283.41,NA,286.38,NA,NA,NA,NA,NA,106.15,NA,NA,NA,NA,NA,10.03,NA,10.94,NA,NA,1,0,0,1,0,1,0,0,0,0,0,0,0,1,0,0,0,6,1,5,4,2,1,1,5,6,1,3,6,3,6,3,5,5,2,6,6,6,2,5,1,4,1,1,5,5,5,2,2,5,5,6,5,5,5,0.8,1,0,0.75,0,0,0.6,0.25,4.5,4.5,3.75,4.25,6,5,-0.35,0,0.5,-1
60b7b8126c0c4524e913236e,46,B,3,0,TRUE,FALSE,00:00:05,30,30,0,NA,NA,NA,NA,NA,NA,NA,NA,NA,NA,TRUE,FALSE,00:00:20,35,35,0,NA,NA,NA,NA,NA,NA,NA,NA,NA,NA,TRUE,FALSE,00:00:14,37,37,0,NA,NA,NA,NA,NA,NA,NA,NA,NA,NA,71,2025-12-05T12:40:55Z,9,en,843319446,2025-12-05T11:57:55Z,2025-12-05T12:40:55Z,60b7b8126c0c4524e913236e,Yes,Yes,Yes,25,Male,NA,Portugal,NA,"Graduate degree (MSc., Ph.D.)",< 1 year,SOMETIMES,RARELY,ALWAYS,SOMETIMES,OFTEN,OFTEN,OFTEN,ALWAYS,RARELY,RARELY,OFTEN,NEVER,helping me with general matters,COMPLETELY DISAGREE,AGREE,AGREE,No,No,No,Yes,No,AGREE,SOMEHOW DISAGREE,AGREE,The reason to learn more is to try to understand what the AI-generated,AGREE,DISAGREE,SOMEHOW AGREE,COMPLETELY AGREE,COMPLETELY AGREE,SOMEHOW AGREE,SOMEHOW AGREE,AGREE,COMPLETELY AGREE,COMPLETELY AGREE,COMPLETELY AGREE,761528,YES,YES,I was curious to know what type of security issues it had,Likely,I don't have,ABOVE AVERAGE,AGREE,COMPLETELY AGREE,AGREE,RARELY,SOMETIMES,RARELY,SOMEHOW AGREE,AGREE,AGREE,SOMEHOW AGREE,AGREE,DISAGREE,SOMEHOW DISAGREE,COMPLETELY AGREE,YES,NA,NA,2582.54,25.8,NA,NA,1628.34,NA,NA,NA,NA,NA,NA,113.06,NA,NA,NA,NA,NA,NA,98.59,NA,NA,NA,NA,547.33,NA,47.18,NA,NA,NA,NA,NA,67.53,NA,NA,NA,NA,NA,41.63,NA,13.08,NA,NA,1,3,1,0,1,0,1,0,0,0,0,0,0,0,0,0,0,5,3,5,4.333333333333333,1,5,5,6,2,5,5,5,4,6,6,4,4,5,6,6,6,2,3,2,4,3,2,4,5,5,4,5,5,3,6,5,6,5,1,0.2,0.8,0.75,0.5,0.25,0.6666666666666666,0.5,5,4.75,4.75,4.5,6,5.333333333333333,-0.16666666666666663,-0.25,-0.25,-0.666666666666667
60f5d1dfd8ff71196982160b,47,B,3,0,TRUE,FALSE,00:00:06,33,33,0,NA,NA,NA,NA,NA,NA,NA,NA,NA,NA,TRUE,TRUE,00:00:59,33,33,0,0,0,0,0,0,0,-1,B311,blacklist,fixed,TRUE,FALSE,00:00:25,24,24,0,NA,NA,NA,NA,NA,NA,NA,NA,NA,NA,72,2025-12-05T15:39:13Z,9,en,1726099211,2025-12-05T15:25:36Z,2025-12-05T15:39:13Z,60f5d1dfd8ff71196982160b,Yes,Yes,Yes,52,Male,NA,United Kingdom of Great Britain and Northern Ireland,NA,"Undergraduate degree (BSc., BA.)",> 5 years,OFTEN,OFTEN,ALWAYS,ALWAYS,OFTEN,ALWAYS,ALWAYS,ALWAYS,OFTEN,ALWAYS,ALWAYS,ALWAYS,Planning,DISAGREE,AGREE,SOMEHOW AGREE,No,No,No,Yes,No,COMPLETELY AGREE,SOMEHOW DISAGREE,AGREE,Job security,AGREE,DISAGREE,AGREE,AGREE,AGREE,SOMEHOW AGREE,SOMEHOW AGREE,SOMEHOW AGREE,COMPLETELY AGREE,COMPLETELY AGREE,COMPLETELY AGREE,761528,YES,YES,The first code had a serious security issue with the execute command with shell so I removed that,Very Likely,None,AVERAGE,AGREE,AGREE,AGREE,SOMETIMES,OFTEN,RARELY,SOMEHOW AGREE,SOMEHOW AGREE,SOMEHOW AGREE,SOMEHOW AGREE,AGREE,DISAGREE,AGREE,AGREE,YES,NA,NA,818.71,8.81,NA,NA,41.57,NA,NA,NA,NA,NA,NA,58.23,NA,NA,NA,NA,NA,NA,47.19,NA,NA,NA,NA,532.92,NA,50.08,NA,NA,NA,NA,NA,42.36,NA,NA,NA,NA,NA,25.37,NA,12.18,NA,NA,1,3,1,0,1,1,1,0,0,1,0,1,1,0,0,0,-1,6,3,5,4.666666666666667,2,5,4,5,2,4,5,5,5,5,5,4,4,4,6,6,6,3,4,2,3,2,2,4,4,4,4,5,5,5,5,5,5,5,0.8,0.2,0.6,0.5,0.25,0.25,0.5333333333333333,0.3333333333333333,5,5,4.25,4,6,5,-0.2,0,-0.25,-1
5d08f2345cb5cf0017ccbb95,48,B,2,1,FALSE,FALSE,NA,34,34,0,NA,NA,NA,NA,NA,NA,NA,NA,NA,NA,TRUE,FALSE,00:00:17,31,31,0,NA,NA,NA,NA,NA,NA,NA,NA,NA,NA,TRUE,FALSE,00:01:25,30,30,0,NA,NA,NA,NA,NA,NA,NA,NA,NA,NA,73,NA,8,en,1095637239,2025-12-05T20:22:25Z,2025-12-05T20:50:19Z,5d08f2345cb5cf0017ccbb95,Yes,Yes,Yes,47,Male,NA,Portugal,NA,"Undergraduate degree (BSc., BA.)",> 5 years,NEVER,OFTEN,OFTEN,OFTEN,RARELY,NEVER,NEVER,OFTEN,NEVER,NEVER,RARELY,RARELY,documentation,SOMEHOW AGREE,SOMEHOW DISAGREE,AGREE,No,Yes,No,No,No,SOMEHOW AGREE,SOMEHOW AGREE,AGREE,To discover or get knowledge on some topic where I lack some expertise.,AGREE,DISAGREE,AGREE,AGREE,SOMEHOW AGREE,SOMEHOW AGREE,SOMEHOW DISAGREE,SOMEHOW AGREE,COMPLETELY AGREE,AGREE,AGREE,761528,YES,YES,because I didn't consider it important for the exercise.,Somewhat Likely,the pseudo code was not correct. I think it didn't change from task 1 to task2 .,AVERAGE,AGREE,AGREE,AGREE,OFTEN,SOMETIMES,SOMETIMES,SOMEHOW AGREE,SOMEHOW AGREE,SOMEHOW AGREE,SOMEHOW DISAGREE,SOMEHOW AGREE,DISAGREE,AGREE,AGREE,YES,NA,NA,1674.77,10.4,NA,NA,97.45,NA,NA,NA,NA,NA,NA,156.87,NA,NA,NA,NA,NA,NA,159.18,NA,NA,NA,NA,983.17,NA,117.51,NA,NA,NA,NA,NA,110.99,NA,NA,NA,NA,NA,39.2,NA,NA,NA,NA,1,2,0,0,1,0,1,0,0,0,0,0,0,0,0,0,0,4,4,5,4.333333333333333,4,3,5,3,4,5,5,5,5,5,4,4,3,4,6,5,5,4,3,3,2,3,3,4,4,4,3,4,5,5,5,5,5,5,0.4,0.6,0.8,0.25,0.5,0.5,0.6,0.4166666666666667,5,4.75,3.75,3.75,5.333333333333333,5,-0.1833333333333333,-0.25,0,-0.33333333333333304
5eb5fe677dd9764f6a7b0692,49,A,3,0,TRUE,FALSE,00:00:11,30,30,0,NA,NA,NA,NA,NA,NA,NA,NA,NA,NA,TRUE,FALSE,00:00:16,30,30,0,NA,NA,NA,NA,NA,NA,NA,NA,NA,NA,TRUE,FALSE,00:00:35,36,36,0,NA,NA,NA,NA,NA,NA,NA,NA,NA,NA,74,2025-12-05T22:36:51Z,9,en,207443259,2025-12-05T21:56:21Z,2025-12-05T22:36:51Z,5eb5fe677dd9764f6a7b0692,Yes,Yes,Yes,24,Male,NA,Portugal,NA,"Graduate degree (MSc., Ph.D.)",4 to 5 years,SOMETIMES,RARELY,SOMETIMES,OFTEN,RARELY,OFTEN,SOMETIMES,SOMETIMES,OFTEN,OFTEN,OFTEN,OFTEN,Front end development,DISAGREE,AGREE,SOMEHOW DISAGREE,No,No,No,Yes,No,AGREE,DISAGREE,AGREE,Easy access to different ways to do different things.,SOMEHOW AGREE,DISAGREE,AGREE,AGREE,SOMEHOW AGREE,SOMEHOW AGREE,SOMEHOW AGREE,SOMEHOW AGREE,AGREE,AGREE,AGREE,761528,YES,YES,I did on what I thought was directly related to my code.,Very Likely,Please check out technologies like cursor that have all the good thing together in the same platform and really help the developer in their work.,BELOW AVERAGE,AGREE,AGREE,AGREE,SOMETIMES,ALWAYS,SOMETIMES,SOMEHOW AGREE,SOMEHOW AGREE,SOMEHOW AGREE,SOMEHOW AGREE,AGREE,SOMEHOW DISAGREE,SOMEHOW AGREE,COMPLETELY AGREE,YES,NA,NA,2432.78,39.19,NA,NA,206.54,NA,NA,NA,NA,NA,NA,536.16,NA,NA,NA,NA,NA,NA,576.75,NA,NA,NA,NA,849.21,NA,94.07,NA,NA,NA,NA,NA,93.59,NA,NA,NA,NA,NA,25.99,NA,11.28,NA,NA,0,3,1,0,1,0,1,0,0,0,0,0,0,0,0,0,0,5,2,5,4,2,5,3,5,2,3,4,5,5,5,4,4,4,4,5,5,5,3,5,3,3,1,3,4,4,4,4,5,4,4,6,5,5,5,0.8,0.2,0.4,0.5,0,0.5,0.4666666666666666,0.3333333333333333,4.75,4.75,4,4,5,5,-0.1333333333333333,0,0,0
654fc4ada27c650347fd0446,50,A,3,0,TRUE,FALSE,00:00:10,32,32,0,NA,NA,NA,NA,NA,NA,NA,NA,NA,NA,TRUE,FALSE,00:00:31,31,31,0,NA,NA,NA,NA,NA,NA,NA,NA,NA,NA,TRUE,TRUE,00:01:28,34,34,0,3,0,0,3,-1,0,2,"B404,B602,B603","blacklist,subprocess_popen_with_shell_equals_true,subprocess_without_shell_equals_true","common,fixed,new",75,2025-12-05T23:24:05Z,9,en,387341453,2025-12-05T23:09:30Z,2025-12-05T23:24:05Z,654fc4ada27c650347fd0446,Yes,Yes,Yes,26,Male,NA,Canada,NA,"Undergraduate degree (BSc., BA.)",2 to 3 years,RARELY,OFTEN,OFTEN,SOMETIMES,RARELY,OFTEN,OFTEN,OFTEN,OFTEN,ALWAYS,OFTEN,OFTEN,Code generation for boiler plate code,COMPLETELY DISAGREE,SOMEHOW AGREE,DISAGREE,No,No,No,Yes,No,COMPLETELY AGREE,AGREE,COMPLETELY AGREE,Learning new ways to engage with genAI to automate/simplify my work allows me to work more efficiently and productively.,AGREE,COMPLETELY DISAGREE,AGREE,COMPLETELY AGREE,COMPLETELY AGREE,SOMEHOW AGREE,SOMEHOW AGREE,AGREE,COMPLETELY AGREE,COMPLETELY AGREE,COMPLETELY AGREE,761528,NO,YES,I feel it's always good to sanity check the code for any security flaws.,Unlikely,N/A,BELOW AVERAGE,COMPLETELY AGREE,COMPLETELY AGREE,COMPLETELY AGREE,NEVER,NEVER,OFTEN,AGREE,AGREE,AGREE,COMPLETELY AGREE,COMPLETELY AGREE,COMPLETELY DISAGREE,COMPLETELY AGREE,COMPLETELY AGREE,YES,NA,NA,878.58,11.73,NA,NA,30.26,NA,NA,NA,NA,NA,NA,74.32,NA,NA,NA,NA,NA,NA,66.81,NA,NA,NA,NA,565.59,NA,51.61,NA,NA,NA,NA,NA,55.4,NA,NA,NA,NA,NA,3.55,NA,19.31,NA,NA,0,3,1,0,1,0,1,1,0,0,1,1,1,3,-1,0,2,6,5,6,5.666666666666667,1,4,2,6,3,2,5,6,5,6,6,4,4,5,6,6,6,1,1,4,5,5,4,5,5,5,6,6,6,6,6,6,6,6,1,0.4,0.2,1,1,0.75,0.5333333333333333,0.9166666666666666,5.5,6,4.75,5.25,6,6,0.3833333333333333,0.5,0.5,0
66c4cefb3e98086ecca28a29,51,A,3,0,TRUE,FALSE,00:00:05,35,35,0,NA,NA,NA,NA,NA,NA,NA,NA,NA,NA,TRUE,TRUE,00:01:48,33,33,0,0,0,0,0,0,0,-1,B311,blacklist,fixed,TRUE,TRUE,00:02:33,38,53,15,3,0,0,3,-1,0,2,"B404,B602,B603","blacklist,subprocess_popen_with_shell_equals_true,subprocess_without_shell_equals_true","common,fixed,new",76,2025-12-06T01:08:23Z,9,en,228844749,2025-12-06T00:41:43Z,2025-12-06T01:08:23Z,66c4cefb3e98086ecca28a29,Yes,Yes,Yes,32,Male,NA,Spain,NA,College,3 to 4 years,NEVER,SOMETIMES,SOMETIMES,OFTEN,NEVER,NEVER,SOMETIMES,SOMETIMES,RARELY,OFTEN,SOMETIMES,NEVER,No,AGREE,AGREE,DISAGREE,No,No,No,Yes,No,SOMEHOW DISAGREE,COMPLETELY DISAGREE,SOMEHOW AGREE,"Sometimes is useful to learn new things or do some things in another way, is another way to try new approachs",SOMEHOW AGREE,DISAGREE,COMPLETELY AGREE,AGREE,SOMEHOW AGREE,SOMEHOW AGREE,SOMEHOW DISAGREE,SOMEHOW DISAGREE,SOMEHOW AGREE,SOMEHOW AGREE,DISAGREE,761528,YES,YES,I usually followed if it made sense at a first glance,Likely,Nothing at all to add,BELOW AVERAGE,SOMEHOW AGREE,SOMEHOW AGREE,SOMEHOW AGREE,SOMETIMES,OFTEN,RARELY,SOMEHOW AGREE,SOMEHOW AGREE,SOMEHOW DISAGREE,SOMEHOW DISAGREE,AGREE,SOMEHOW DISAGREE,COMPLETELY AGREE,AGREE,YES,NA,NA,1603.58,6.95,NA,NA,45.07,NA,NA,NA,NA,NA,NA,76.25,NA,NA,NA,NA,NA,NA,114.31,NA,NA,NA,NA,1208.8,NA,49.11,NA,NA,NA,NA,NA,53.53,NA,NA,NA,NA,NA,35.94,NA,13.62,NA,NA,0,3,1,0,1,1,1,1,0,1,1,2,1,3,-1,0,1,3,1,4,2.6666666666666665,5,5,2,2,2,2,4,5,6,5,4,4,3,3,4,4,2,3,4,2,3,2,2,4,4,3,3,5,4,6,5,4,4,4,0.2,0.2,0.2,0.5,0.25,0.25,0.20000000000000004,0.3333333333333333,5,5,3.5,3.5,3.3333333333333335,4,0.13333333333333328,0,0,0.6666666666666665
65df54ece89515308c1cae4b,52,A,3,0,TRUE,FALSE,00:00:05,50,50,0,NA,NA,NA,NA,NA,NA,NA,NA,NA,NA,TRUE,TRUE,00:03:57,32,30,-2,0,0,0,0,0,0,-1,B311,blacklist,fixed,TRUE,FALSE,00:00:29,39,39,0,NA,NA,NA,NA,NA,NA,NA,NA,NA,NA,77,2025-12-06T02:35:47Z,9,en,299761183,2025-12-06T02:04:58Z,2025-12-06T02:35:47Z,65df54ece89515308c1cae4b,Yes,Yes,Yes,22,Male,NA,Mexico,NA,"Undergraduate degree (BSc., BA.)",3 to 4 years,OFTEN,SOMETIMES,ALWAYS,SOMETIMES,OFTEN,SOMETIMES,OFTEN,OFTEN,OFTEN,ALWAYS,ALWAYS,SOMETIMES,When using new coding languages,DISAGREE,COMPLETELY AGREE,SOMEHOW AGREE,No,No,No,Yes,No,SOMEHOW AGREE,DISAGREE,COMPLETELY AGREE,"Sometimes I like to try new GenAI's, and compare them, like claud and chat gpt, it's like a escosystem that I developed",AGREE,COMPLETELY DISAGREE,AGREE,COMPLETELY AGREE,AGREE,AGREE,SOMEHOW DISAGREE,AGREE,AGREE,COMPLETELY AGREE,SOMEHOW DISAGREE,761528,YES,YES,"Because the excersice didn't mention to solve those recommendations, but I also did it",Very Likely,"I like it, maybe more suggestions when coding will be great",ABOVE AVERAGE,COMPLETELY AGREE,COMPLETELY AGREE,SOMEHOW DISAGREE,NEVER,OFTEN,OFTEN,SOMEHOW DISAGREE,SOMEHOW AGREE,COMPLETELY DISAGREE,AGREE,AGREE,COMPLETELY DISAGREE,COMPLETELY AGREE,COMPLETELY AGREE,YES,NA,NA,1852.46,29.35,NA,NA,56.12,NA,NA,NA,NA,NA,NA,126.75,NA,NA,NA,NA,NA,NA,112.59,NA,NA,NA,NA,1325.24,NA,83.43,NA,NA,NA,NA,NA,66.02,NA,NA,NA,NA,NA,31.08,NA,21.88,NA,NA,0,3,1,0,1,1,1,0,0,1,0,1,1,0,0,0,-1,4,2,6,4,2,6,4,5,1,4,5,6,5,6,5,5,3,5,5,6,3,1,4,4,5,2,4,3,4,1,5,5,6,6,6,6,6,3,0.8,0,0.6,1,0.25,0.75,0.4666666666666666,0.6666666666666666,5.5,5.75,4.5,3.25,4.666666666666667,5,0.2,0.25,-1.25,0.33333333333333304
65707f7057bfe1f9f1e9ef2c,53,A,3,0,TRUE,TRUE,00:03:07,49,35,-14,1,1,0,0,1,0,0,B701,jinja2_autoescape_false,new,TRUE,TRUE,00:01:32,34,33,-1,0,0,0,0,0,0,-1,B311,blacklist,fixed,TRUE,TRUE,00:06:07,38,49,11,3,0,0,3,-1,0,2,"B404,B602,B603","blacklist,subprocess_popen_with_shell_equals_true,subprocess_without_shell_equals_true","common,fixed,new",79,2025-12-06T08:21:18Z,9,en,1506047235,2025-12-06T07:58:09Z,2025-12-06T08:21:18Z,65707f7057bfe1f9f1e9ef2c,Yes,Yes,Yes,42,Male,NA,Spain,NA,"Undergraduate degree (BSc., BA.)",> 5 years,SOMETIMES,OFTEN,OFTEN,OFTEN,NEVER,OFTEN,OFTEN,OFTEN,OFTEN,SOMETIMES,OFTEN,RARELY,Probably as I use it for almost anything,DISAGREE,SOMEHOW DISAGREE,SOMEHOW AGREE,No,No,No,Yes,No,SOMEHOW AGREE,DISAGREE,SOMEHOW DISAGREE,"Just to be more productive and more accurate, as coding is very prone to human errors.",AGREE,SOMEHOW DISAGREE,DISAGREE,COMPLETELY AGREE,AGREE,SOMEHOW AGREE,SOMEHOW AGREE,AGREE,COMPLETELY AGREE,COMPLETELY AGREE,SOMEHOW AGREE,761528,YES,YES,"They seemed very sound, worth checking at least.",Very Likely,"Not very used to security tool checks but I liked this support, I might look into it more in the future. Right now I rely mostly on IDE/Framework code suggestions.",AVERAGE,COMPLETELY AGREE,COMPLETELY AGREE,SOMEHOW AGREE,SOMETIMES,SOMETIMES,OFTEN,AGREE,SOMEHOW AGREE,SOMEHOW AGREE,AGREE,AGREE,SOMEHOW DISAGREE,SOMEHOW DISAGREE,COMPLETELY AGREE,YES,NA,NA,1390.85,8.9,NA,NA,51.48,NA,NA,NA,NA,NA,NA,97.72,NA,NA,NA,NA,NA,NA,112.04,NA,NA,NA,NA,902.95,NA,97.44,NA,NA,NA,NA,NA,65.25,NA,NA,NA,NA,NA,26.39,NA,28.68,NA,NA,0,3,1,1,1,1,1,1,1,1,1,3,1,4,0,0,1,4,2,3,3,2,3,4,5,4,4,5,4,2,6,5,4,4,5,6,6,4,3,3,4,3,3,4,5,4,4,5,5,4,3,6,6,6,4,0.8,0.6,0.6,0.5,0.5,0.75,0.6666666666666666,0.5833333333333334,4.25,4.5,4.5,4.5,5.333333333333333,5.333333333333333,-0.08333333333333326,0.25,0,0
66604a3a17f83e06a5d82378,54,A,1,2,FALSE,FALSE,NA,30,30,0,NA,NA,NA,NA,NA,NA,NA,NA,NA,NA,FALSE,FALSE,NA,29,29,0,NA,NA,NA,NA,NA,NA,NA,NA,NA,NA,TRUE,FALSE,00:00:09,34,34,0,NA,NA,NA,NA,NA,NA,NA,NA,NA,NA,80,2025-12-06T08:39:35Z,9,en,271498969,2025-12-06T08:22:15Z,2025-12-06T08:39:35Z,66604a3a17f83e06a5d82378,Yes,Yes,Yes,51,Male,NA,India,NA,"Graduate degree (MSc., Ph.D.)",> 5 years,RARELY,SOMETIMES,SOMETIMES,NEVER,RARELY,OFTEN,OFTEN,OFTEN,OFTEN,OFTEN,RARELY,SOMETIMES,Pair Programming,COMPLETELY DISAGREE,SOMEHOW AGREE,SOMEHOW AGREE,No,No,No,Yes,No,AGREE,COMPLETELY AGREE,AGREE,"Using code snippets for repeated functionality like OAUTH for authentication, generating code for integrations with third party AI tools.",SOMEHOW AGREE,DISAGREE,AGREE,SOMEHOW AGREE,AGREE,SOMEHOW AGREE,SOMEHOW AGREE,SOMEHOW AGREE,AGREE,AGREE,COMPLETELY AGREE,761528,YES,YES,I double checked the code snippet with two AI tools,Very Likely,Exclusive coding assistants with the capability to generate the code by following inbuilt security checks will be appreciated.,AVERAGE,AGREE,COMPLETELY AGREE,COMPLETELY AGREE,NEVER,SOMETIMES,SOMETIMES,AGREE,AGREE,AGREE,AGREE,AGREE,DISAGREE,SOMEHOW AGREE,AGREE,YES,NA,NA,1044.32,17.15,NA,NA,69.15,NA,NA,NA,NA,NA,NA,123.98,NA,NA,NA,NA,NA,NA,114.73,NA,NA,NA,NA,478.73,NA,118.01,NA,NA,NA,NA,NA,75.05,NA,NA,NA,NA,NA,21.71,NA,25.81,NA,NA,0,1,0,0,0,0,1,0,0,0,0,0,0,0,0,0,0,5,6,5,5.333333333333333,1,4,4,6,3,4,4,5,5,4,5,4,4,4,5,5,6,1,3,3,5,3,3,5,5,5,5,5,5,4,5,5,6,6,1,0.4,0.6,1,0.5,0.5,0.6666666666666666,0.6666666666666666,4.5,4.75,4.25,5,5.333333333333333,5.666666666666667,0,0.25,0.75,0.3333333333333339
66049c36acdc2fde734b0983,55,B,3,0,TRUE,TRUE,00:01:53,36,37,1,0,0,0,0,0,0,0,NA,NA,NA,TRUE,FALSE,00:00:11,33,33,0,NA,NA,NA,NA,NA,NA,NA,NA,NA,NA,TRUE,TRUE,00:00:37,36,37,1,0,0,0,0,-1,0,-1,"B404,B602","blacklist,subprocess_popen_with_shell_equals_true","fixed,fixed",81,2025-12-06T18:24:58Z,9,en,584233798,2025-12-06T17:47:31Z,2025-12-06T18:24:58Z,66049c36acdc2fde734b0983,Yes,Yes,Yes,23,Male,NA,Germany,NA,College,1 to 2 years,NEVER,SOMETIMES,RARELY,NEVER,NEVER,OFTEN,ALWAYS,OFTEN,SOMETIMES,OFTEN,RARELY,SOMETIMES,Writing comments. Proposing libraries,DISAGREE,SOMEHOW DISAGREE,SOMEHOW DISAGREE,No,No,No,Yes,No,AGREE,DISAGREE,AGREE,It increases my efficiency and it is less troublesome than to debug myself or with a forum like StackOverflow,AGREE,DISAGREE,AGREE,AGREE,AGREE,SOMEHOW AGREE,SOMEHOW AGREE,SOMEHOW DISAGREE,COMPLETELY AGREE,COMPLETELY AGREE,SOMEHOW AGREE,761528,YES,YES,I followed the tool's instructions because they made sense to me and I think a collaboration between human (me) and the AI will resolve in better results. The AU caught vulnerabilities that I missed.,Likely,"Some solutions seem odd or not very conventional or what the general guidelines say for safety, like generating keys/salt or hashing etc. But the requirements were also not clearly specified.",AVERAGE,AGREE,COMPLETELY AGREE,AGREE,RARELY,RARELY,RARELY,AGREE,SOMEHOW AGREE,SOMEHOW AGREE,SOMEHOW DISAGREE,AGREE,AGREE,AGREE,AGREE,YES,NA,NA,2250.62,7.94,NA,NA,41.86,NA,NA,NA,NA,NA,NA,90.63,NA,NA,NA,NA,NA,NA,80.31,NA,NA,NA,NA,1066.21,NA,205.55,NA,NA,NA,NA,NA,45.58,NA,NA,NA,NA,NA,702.86,NA,9.68,NA,NA,1,3,1,1,1,0,1,1,1,0,1,2,1,0,-1,0,-1,5,2,5,4,2,3,3,5,4,3,5,5,5,5,5,4,4,3,6,6,4,2,2,2,4,4,2,5,4,4,3,5,2,5,5,5,6,5,0.8,0.6,0.4,0.75,0.75,0.25,0.6,0.5833333333333334,5,4.25,4,4,5.333333333333333,5.333333333333333,-0.016666666666666607,-0.75,0,0
5be30d2451ed78000195c6b6,56,B,3,0,TRUE,TRUE,00:02:35,32,39,7,0,0,0,0,0,0,0,NA,NA,NA,TRUE,TRUE,00:01:04,37,26,-11,0,0,0,0,0,0,-1,B311,blacklist,fixed,TRUE,TRUE,00:02:31,40,43,3,3,0,0,3,-1,0,2,"B404,B602,B603","blacklist,subprocess_popen_with_shell_equals_true,subprocess_without_shell_equals_true","common,fixed,new",82,2025-12-06T20:28:04Z,9,en,750641518,2025-12-06T20:06:30Z,2025-12-06T20:28:04Z,5be30d2451ed78000195c6b6,Yes,Yes,Yes,30,Male,NA,Germany,NA,"Undergraduate degree (BSc., BA.)",> 5 years,SOMETIMES,OFTEN,OFTEN,ALWAYS,SOMETIMES,SOMETIMES,ALWAYS,ALWAYS,SOMETIMES,OFTEN,SOMETIMES,ALWAYS,Discussing problems and ideas to solve them,COMPLETELY DISAGREE,AGREE,SOMEHOW DISAGREE,No,No,No,Yes,No,COMPLETELY AGREE,COMPLETELY DISAGREE,AGREE,It's part of the future when coding and I enjoy the speedup and idea generation.,COMPLETELY AGREE,COMPLETELY DISAGREE,COMPLETELY AGREE,COMPLETELY AGREE,SOMEHOW AGREE,SOMEHOW DISAGREE,SOMEHOW AGREE,SOMEHOW AGREE,COMPLETELY AGREE,COMPLETELY AGREE,COMPLETELY AGREE,761528,YES,YES,The recommendations were really helpful and gave me a starting point to look deeper into the found issues and search for ways to resolve them.,Very Likely,I don't have any other comments,ABOVE AVERAGE,COMPLETELY AGREE,COMPLETELY AGREE,COMPLETELY AGREE,RARELY,OFTEN,SOMETIMES,AGREE,SOMEHOW AGREE,SOMEHOW DISAGREE,SOMEHOW AGREE,COMPLETELY AGREE,COMPLETELY DISAGREE,COMPLETELY AGREE,COMPLETELY AGREE,YES,NA,NA,1295.86,38.69,NA,NA,35.62,NA,NA,NA,NA,NA,NA,94.31,NA,NA,NA,NA,NA,NA,107.38,NA,NA,NA,NA,825.86,NA,90.85,NA,NA,NA,NA,NA,57.29,NA,NA,NA,NA,NA,21.75,NA,24.11,NA,NA,1,3,1,1,1,1,1,1,1,1,1,3,1,3,-1,0,1,6,1,5,4,1,5,3,6,2,3,6,6,6,6,4,3,4,4,6,6,6,2,4,3,4,2,3,5,4,3,4,6,6,6,6,6,6,6,1,0.2,0.4,0.75,0.25,0.5,0.5333333333333333,0.5,6,6,3.75,4,6,6,-0.033333333333333326,0,0.25,0
66bf10e19271dfdd1f7723dc,57,B,3,0,TRUE,FALSE,00:00:05,31,31,0,NA,NA,NA,NA,NA,NA,NA,NA,NA,NA,TRUE,TRUE,00:01:28,29,29,0,0,0,0,0,0,0,-1,B311,blacklist,fixed,TRUE,TRUE,00:02:58,40,40,0,3,0,0,3,-1,0,2,"B404,B602,B603","blacklist,subprocess_popen_with_shell_equals_true,subprocess_without_shell_equals_true","common,fixed,new",83,2025-12-06T21:22:08Z,9,en,1104058154,2025-12-06T20:46:08Z,2025-12-06T21:22:08Z,66bf10e19271dfdd1f7723dc,Yes,Yes,Yes,24,Male,NA,Hungary,NA,"Undergraduate degree (BSc., BA.)",2 to 3 years,RARELY,ALWAYS,OFTEN,ALWAYS,SOMETIMES,OFTEN,OFTEN,SOMETIMES,SOMETIMES,OFTEN,ALWAYS,SOMETIMES,Ask for optimization for memory and storage using.,COMPLETELY DISAGREE,DISAGREE,DISAGREE,No,Yes,No,No,No,AGREE,SOMEHOW AGREE,AGREE,"It can save time and also It's good to learn something new, try out some of the  new technologies, and get new ideas.",AGREE,DISAGREE,AGREE,AGREE,AGREE,DISAGREE,DISAGREE,SOMEHOW AGREE,COMPLETELY AGREE,COMPLETELY AGREE,COMPLETELY AGREE,761528,YES,YES,"Sometimes the GenAI just not giving the right help, or I have an idea in my mind and I would like to follow that.
So sometimes it's really helpfull, but I am not always following it.",Likely,"The tasks can be a little bit easier, or more focused on actually testing the GenAi than thinking about the solutin.",BELOW AVERAGE,COMPLETELY AGREE,COMPLETELY AGREE,COMPLETELY AGREE,SOMETIMES,OFTEN,SOMETIMES,AGREE,DISAGREE,DISAGREE,AGREE,AGREE,DISAGREE,AGREE,AGREE,YES,NA,NA,2164.14,7.1,NA,NA,56.92,NA,NA,NA,NA,NA,NA,165.7,NA,NA,NA,NA,NA,NA,105.19,NA,NA,NA,NA,1495.33,NA,138.13,NA,NA,NA,NA,NA,83.79,NA,NA,NA,NA,NA,83.24,NA,28.74,NA,NA,1,3,1,0,1,1,1,1,0,1,1,2,1,3,-1,0,1,5,4,5,4.666666666666667,1,2,2,6,5,2,5,5,5,5,5,2,2,4,6,6,6,3,4,3,3,2,3,5,2,2,5,5,5,5,5,6,6,6,1,0.8,0.2,0.5,0.25,0.5,0.6666666666666666,0.4166666666666667,5,5,3.25,3.5,6,6,-0.24999999999999994,0,0.25,0
5e8244d17412d49657c3e6d8,58,B,3,0,TRUE,TRUE,00:02:48,32,36,4,0,0,0,0,0,0,0,NA,NA,NA,TRUE,FALSE,00:00:14,16,16,0,NA,NA,NA,NA,NA,NA,NA,NA,NA,NA,TRUE,TRUE,00:02:42,48,29,-19,3,0,0,3,-1,0,2,"B404,B602,B603","blacklist,subprocess_popen_with_shell_equals_true,subprocess_without_shell_equals_true","common,fixed,new",84,2025-12-07T00:23:15Z,9,en,1661962053,2025-12-06T23:46:33Z,2025-12-07T00:23:15Z,5e8244d17412d49657c3e6d8,Yes,Yes,Yes,34,Male,NA,Germany,NA,"Graduate degree (MSc., Ph.D.)",> 5 years,RARELY,OFTEN,ALWAYS,ALWAYS,SOMETIMES,OFTEN,ALWAYS,OFTEN,SOMETIMES,RARELY,SOMETIMES,OFTEN,Generate full code (i.e. Vibecoding),COMPLETELY DISAGREE,DISAGREE,AGREE,No,No,No,Yes,No,COMPLETELY AGREE,SOMEHOW DISAGREE,AGREE,"Speed, efficiency, effectiveness, satisfaction",AGREE,COMPLETELY DISAGREE,COMPLETELY DISAGREE,COMPLETELY AGREE,AGREE,SOMEHOW AGREE,SOMEHOW AGREE,AGREE,COMPLETELY AGREE,COMPLETELY AGREE,COMPLETELY AGREE,761528,YES,YES,"I followed all of the tools recommendations, but it was not strict enough - there have been way more issues than those the tool recommended to fix.",Likely,"It is a great idea to have GenAI scan GenAI-generated code - in an agentic model or similar. Usually, only very senior engineers will spot many of these things.",AVERAGE,COMPLETELY AGREE,COMPLETELY AGREE,COMPLETELY AGREE,NEVER,RARELY,OFTEN,AGREE,AGREE,AGREE,AGREE,COMPLETELY AGREE,COMPLETELY DISAGREE,DISAGREE,COMPLETELY AGREE,YES,NA,NA,2205.03,18.03,NA,NA,42.21,NA,NA,NA,NA,NA,NA,91.61,NA,NA,NA,NA,NA,NA,64.78,NA,NA,NA,NA,1720.78,NA,107.1,NA,NA,NA,NA,NA,56.08,NA,NA,NA,NA,NA,89.32,NA,15.12,NA,NA,1,3,1,1,1,0,1,1,1,0,1,2,1,3,-1,0,2,6,3,5,4.666666666666667,1,2,5,6,5,5,5,6,1,6,5,4,4,5,6,6,6,1,2,4,5,4,4,5,5,5,5,6,6,2,6,6,6,6,1,0.8,0.8,1,0.75,0.75,0.8666666666666667,0.8333333333333334,4.5,5,4.5,5,6,6,-0.033333333333333326,0.5,0.5,0
6005e777d1d8768d5808b5fd,59,B,3,0,TRUE,TRUE,00:00:44,34,35,1,0,0,0,0,0,0,0,NA,NA,NA,TRUE,FALSE,00:00:09,31,31,0,NA,NA,NA,NA,NA,NA,NA,NA,NA,NA,TRUE,FALSE,00:02:04,32,32,0,NA,NA,NA,NA,NA,NA,NA,NA,NA,NA,85,2025-12-07T02:59:19Z,9,en,1718922239,2025-12-07T02:34:36Z,2025-12-07T02:59:19Z,6005e777d1d8768d5808b5fd,Yes,Yes,Yes,25,Male,NA,Poland,NA,"Graduate degree (MSc., Ph.D.)",2 to 3 years,SOMETIMES,SOMETIMES,SOMETIMES,OFTEN,RARELY,ALWAYS,ALWAYS,RARELY,SOMETIMES,SOMETIMES,OFTEN,NEVER,Creating templates for new components,AGREE,AGREE,COMPLETELY DISAGREE,No,No,No,Yes,No,SOMEHOW DISAGREE,COMPLETELY DISAGREE,SOMEHOW AGREE,"It makes coding somewhat faster and less overwhelming when approaching a task that's not ""native"" to me yet",SOMEHOW AGREE,DISAGREE,SOMEHOW AGREE,COMPLETELY AGREE,SOMEHOW DISAGREE,SOMEHOW AGREE,DISAGREE,AGREE,AGREE,AGREE,SOMEHOW AGREE,761528,YES,YES,"It was a bit confusing... I didn't really want to follow them, but the task's requirements seemed to force me into all these unsafe ways, so I don't know if I could break them or not...",Very Likely,"Same as I said before, I'm not sure if I did it right. Requirements seemed to force me into bad standards (or maybe I understood them wrong)...",AVERAGE,AGREE,AGREE,SOMEHOW AGREE,SOMETIMES,ALWAYS,NEVER,SOMEHOW DISAGREE,SOMEHOW AGREE,SOMEHOW DISAGREE,AGREE,SOMEHOW AGREE,COMPLETELY DISAGREE,SOMEHOW AGREE,COMPLETELY AGREE,YES,NA,NA,1485.3,7.76,NA,NA,61.17,NA,NA,NA,NA,NA,NA,130.06,NA,NA,NA,NA,NA,NA,151.92,NA,NA,NA,NA,835.85,NA,176.34,NA,NA,NA,NA,NA,75.59,NA,NA,NA,NA,NA,39.31,NA,7.3,NA,NA,1,3,1,1,1,0,1,0,1,0,0,1,1,0,0,0,0,3,1,4,2.6666666666666665,5,5,1,2,2,1,4,5,4,6,3,4,2,5,5,5,4,3,5,1,3,1,1,3,4,3,5,4,6,4,6,5,5,4,0.2,0.2,0,0.5,0,0,0.13333333333333333,0.16666666666666666,4.75,5,3.5,3.75,4.666666666666667,4.666666666666667,0.033333333333333326,0.25,0.25,0
66854dacc87d341b452931d9,60,B,3,0,TRUE,FALSE,00:00:07,33,33,0,NA,NA,NA,NA,NA,NA,NA,NA,NA,NA,TRUE,FALSE,00:00:12,30,30,0,NA,NA,NA,NA,NA,NA,NA,NA,NA,NA,TRUE,FALSE,00:00:32,33,33,0,NA,NA,NA,NA,NA,NA,NA,NA,NA,NA,86,2025-12-07T02:53:55Z,9,en,829394725,2025-12-07T02:40:07Z,2025-12-07T02:53:55Z,66854dacc87d341b452931d9,Yes,Yes,Yes,24,Male,NA,Italy,NA,"Undergraduate degree (BSc., BA.)",1 to 2 years,NEVER,RARELY,SOMETIMES,OFTEN,NEVER,OFTEN,OFTEN,ALWAYS,OFTEN,ALWAYS,OFTEN,SOMETIMES,Creativity,COMPLETELY DISAGREE,COMPLETELY DISAGREE,SOMEHOW AGREE,No,No,No,Yes,No,COMPLETELY AGREE,COMPLETELY DISAGREE,AGREE,It's going to shape the world of software development and I belive it's a new requirement everybody should have,AGREE,DISAGREE,DISAGREE,COMPLETELY AGREE,AGREE,SOMEHOW AGREE,SOMEHOW AGREE,DISAGREE,COMPLETELY AGREE,COMPLETELY AGREE,AGREE,761528,YES,YES,They were mostly imports issues,Very Likely,"For simple exercises like this it's not that useful, but for big applications this can be very useful",AVERAGE,COMPLETELY AGREE,COMPLETELY AGREE,AGREE,NEVER,RARELY,SOMETIMES,AGREE,SOMEHOW AGREE,SOMEHOW AGREE,DISAGREE,AGREE,DISAGREE,DISAGREE,COMPLETELY AGREE,YES,NA,NA,832.01,4.85,NA,NA,41.61,NA,NA,NA,NA,NA,NA,64.55,NA,NA,NA,NA,NA,NA,67.25,NA,NA,NA,NA,510.66,NA,58.59,NA,NA,NA,NA,NA,57.37,NA,NA,NA,NA,NA,17.91,NA,9.22,NA,NA,1,3,1,0,1,0,1,0,0,0,0,0,0,0,0,0,0,6,1,5,4,1,1,4,6,6,4,5,5,2,6,5,4,4,2,6,6,5,1,2,3,5,4,3,5,4,4,2,5,5,2,6,6,6,5,1,1,0.6,1,0.75,0.5,0.8666666666666667,0.75,4.5,4.5,3.75,3.75,5.666666666666667,5.666666666666667,-0.1166666666666667,0,0,0
652a97574fa0e1dd16211b91,62,A,3,0,TRUE,TRUE,00:01:54,33,33,0,0,0,0,0,0,0,0,NA,NA,NA,TRUE,TRUE,00:05:05,29,32,3,0,0,0,0,0,0,-1,B311,blacklist,fixed,TRUE,TRUE,00:02:01,31,33,2,2,0,0,2,-1,0,1,"B404,B602,B603","blacklist,subprocess_popen_with_shell_equals_true,subprocess_without_shell_equals_true","common,fixed,new",88,2025-12-07T12:24:19Z,9,en,390817970,2025-12-07T12:02:52Z,2025-12-07T12:24:19Z,652a97574fa0e1dd16211b91,Yes,Yes,Yes,29,Male,NA,Hungary,NA,"Graduate degree (MSc., Ph.D.)",> 5 years,OFTEN,ALWAYS,OFTEN,ALWAYS,SOMETIMES,OFTEN,RARELY,SOMETIMES,OFTEN,OFTEN,OFTEN,OFTEN,not really,COMPLETELY DISAGREE,SOMEHOW AGREE,SOMEHOW DISAGREE,No,No,No,Yes,No,AGREE,SOMEHOW DISAGREE,COMPLETELY AGREE,"It save a lot of time for me. I use it time to time in my work and if I have a busy schedule, it really relieves me",COMPLETELY AGREE,COMPLETELY DISAGREE,AGREE,COMPLETELY AGREE,COMPLETELY AGREE,SOMEHOW AGREE,AGREE,AGREE,COMPLETELY AGREE,COMPLETELY AGREE,COMPLETELY AGREE,761528,YES,YES,I followed them because it seemed logical for me,Likely,-,ABOVE AVERAGE,AGREE,AGREE,COMPLETELY AGREE,RARELY,OFTEN,SOMETIMES,AGREE,SOMEHOW AGREE,SOMEHOW AGREE,AGREE,AGREE,DISAGREE,AGREE,COMPLETELY AGREE,YES,NA,NA,1290.73,10.46,NA,NA,46.65,NA,NA,NA,NA,NA,NA,87.79,NA,NA,NA,NA,NA,NA,83.06,NA,NA,NA,NA,909.24,NA,38.87,NA,NA,NA,NA,NA,58.94,NA,NA,NA,NA,NA,48.61,NA,7.11,NA,NA,0,3,1,1,1,1,1,1,1,1,1,3,1,2,-1,0,0,5,3,6,4.666666666666667,1,4,3,6,3,3,6,6,5,6,6,4,5,5,6,6,6,2,4,3,4,2,3,5,4,4,5,5,5,5,6,5,5,6,1,0.4,0.4,0.75,0.25,0.5,0.6,0.5,5.75,5.25,5,4.5,6,5.333333333333333,-0.09999999999999998,-0.5,-0.5,-0.666666666666667
68e54271b188d748c1a258bb,63,A,3,0,TRUE,FALSE,00:00:06,32,32,0,NA,NA,NA,NA,NA,NA,NA,NA,NA,NA,TRUE,FALSE,00:00:34,38,38,0,NA,NA,NA,NA,NA,NA,NA,NA,NA,NA,TRUE,FALSE,00:01:06,38,38,0,NA,NA,NA,NA,NA,NA,NA,NA,NA,NA,89,2025-12-07T13:32:43Z,9,en,632214206,2025-12-07T12:45:39Z,2025-12-07T13:32:43Z,68e54271b188d748c1a258bb,Yes,Yes,Yes,37,Male,NA,India,NA,"Undergraduate degree (BSc., BA.)",> 5 years,OFTEN,ALWAYS,ALWAYS,ALWAYS,OFTEN,SOMETIMES,SOMETIMES,OFTEN,RARELY,SOMETIMES,SOMETIMES,SOMETIMES,To write logic based on a given problem,SOMEHOW DISAGREE,COMPLETELY AGREE,DISAGREE,No,No,No,Yes,No,AGREE,DISAGREE,AGREE,"It helps me pace up my speed of coding in some situations where I need to write a boilerplate code and I don't want to spend hours to do the same. So, I ask the GenAI to write the boilerplate code, based on the current structure of my code.",SOMEHOW AGREE,COMPLETELY DISAGREE,COMPLETELY DISAGREE,COMPLETELY AGREE,AGREE,SOMEHOW AGREE,SOMEHOW AGREE,SOMEHOW AGREE,AGREE,AGREE,AGREE,761528,NO,YES,"In the first 2 tasks, there was no security issues but in the third one, there were 3 security issues found. I did not fix them as 2 security issues were in the pre-written gen code and I need to make the same function call to execute the call.",Very Likely,No additional comments. Thank you,VERY HIGH,AGREE,AGREE,AGREE,SOMETIMES,OFTEN,NEVER,SOMEHOW AGREE,SOMEHOW AGREE,SOMEHOW AGREE,SOMEHOW AGREE,AGREE,COMPLETELY DISAGREE,COMPLETELY DISAGREE,COMPLETELY AGREE,YES,NA,NA,2826.89,21.3,NA,NA,57.29,NA,NA,NA,NA,NA,NA,165.68,NA,NA,NA,NA,NA,NA,161.5,NA,NA,NA,NA,2036.2,NA,202.19,NA,NA,NA,NA,NA,102.51,NA,NA,NA,NA,NA,57.49,NA,22.73,NA,NA,0,3,1,0,1,0,1,0,0,0,0,0,0,0,0,0,0,5,2,5,4,3,6,2,4,1,2,4,6,1,6,5,4,4,4,5,5,5,3,4,1,3,2,1,4,4,4,4,5,6,1,6,5,5,5,0.6,0,0.2,0.5,0.25,0,0.26666666666666666,0.25,4.25,4.5,4.25,4,5,5,-0.016666666666666663,0.25,-0.25,0
5d14bd7a49a18f0001e1e8b4,64,A,3,0,TRUE,FALSE,00:00:49,31,31,0,NA,NA,NA,NA,NA,NA,NA,NA,NA,NA,TRUE,TRUE,00:03:47,28,16,-12,0,0,0,0,0,0,-1,B311,blacklist,fixed,TRUE,TRUE,00:07:48,30,50,20,3,0,0,3,-1,0,2,"B404,B602,B603","blacklist,subprocess_popen_with_shell_equals_true,subprocess_without_shell_equals_true","common,fixed,new",90,2025-12-07T13:32:16Z,9,en,224396926,2025-12-07T13:04:06Z,2025-12-07T13:32:16Z,5d14bd7a49a18f0001e1e8b4,Yes,Yes,Yes,31,Male,NA,Germany,NA,College,> 5 years,RARELY,OFTEN,SOMETIMES,RARELY,OFTEN,ALWAYS,OFTEN,OFTEN,OFTEN,OFTEN,OFTEN,OFTEN,Working on Tasks / Bugs / Features,COMPLETELY DISAGREE,AGREE,COMPLETELY DISAGREE,No,No,No,Yes,No,COMPLETELY AGREE,DISAGREE,COMPLETELY AGREE,"Its the future of coding. It wont go away and more and more companies will start to adopt and require being able to use those tools, I'm just going with the flow and staying up to date..",COMPLETELY AGREE,COMPLETELY DISAGREE,COMPLETELY AGREE,COMPLETELY AGREE,COMPLETELY AGREE,COMPLETELY AGREE,COMPLETELY AGREE,COMPLETELY AGREE,COMPLETELY AGREE,COMPLETELY AGREE,COMPLETELY AGREE,761528,YES,YES,"The recommendations made sense and had some solid points to it, so I figured why not do it very good instead of just sloppy",Very Likely,Nothing comes to mind.,ABOVE AVERAGE,COMPLETELY AGREE,COMPLETELY AGREE,COMPLETELY AGREE,NEVER,OFTEN,NEVER,AGREE,AGREE,AGREE,AGREE,COMPLETELY AGREE,COMPLETELY DISAGREE,COMPLETELY AGREE,COMPLETELY AGREE,YES,NA,NA,1693.17,7.21,NA,NA,43.54,NA,NA,NA,NA,NA,NA,99.93,NA,NA,NA,NA,NA,NA,102.57,NA,NA,NA,NA,1275.81,NA,59.03,NA,NA,NA,NA,NA,52.69,NA,NA,NA,NA,NA,32.97,NA,19.42,NA,NA,0,3,1,0,1,1,1,1,0,1,1,2,1,3,-1,0,1,6,2,6,4.666666666666667,1,5,1,6,2,1,6,6,6,6,6,6,6,6,6,6,6,1,4,1,5,2,1,5,5,5,5,6,6,6,6,6,6,6,1,0.2,0,1,0.25,0,0.39999999999999997,0.4166666666666667,6,6,6,5,6,6,0.01666666666666672,0,-1,0
611842195ebcbb197bc11c0e,65,A,3,0,TRUE,FALSE,00:00:06,32,32,0,NA,NA,NA,NA,NA,NA,NA,NA,NA,NA,TRUE,FALSE,00:00:14,31,31,0,NA,NA,NA,NA,NA,NA,NA,NA,NA,NA,TRUE,FALSE,00:00:37,32,32,0,NA,NA,NA,NA,NA,NA,NA,NA,NA,NA,92,2025-12-07T19:42:29Z,9,en,1431441310,2025-12-07T19:29:10Z,2025-12-07T19:42:29Z,611842195ebcbb197bc11c0e,Yes,Yes,Yes,26,Female,NA,United States of America,NA,"Undergraduate degree (BSc., BA.)",2 to 3 years,NEVER,NEVER,NEVER,RARELY,NEVER,ALWAYS,ALWAYS,ALWAYS,ALWAYS,OFTEN,RARELY,NEVER,Not that I can think of,DISAGREE,AGREE,SOMEHOW DISAGREE,No,No,No,Yes,No,AGREE,COMPLETELY DISAGREE,SOMEHOW AGREE,It allows me to be more efficiently (write more code in less time) and write code I couldn't on my own.,SOMEHOW AGREE,DISAGREE,AGREE,SOMEHOW AGREE,COMPLETELY AGREE,COMPLETELY AGREE,COMPLETELY AGREE,COMPLETELY AGREE,COMPLETELY AGREE,COMPLETELY AGREE,COMPLETELY AGREE,761528,YES,YES,I needed to use gen AI to implement the changes suggested by the tool and wasn't sure that external gen AI was allowed.,Somewhat Likely,The instructions should specify whether other gen AI use outside the study tool is acceptable.,AVERAGE,COMPLETELY AGREE,COMPLETELY AGREE,COMPLETELY AGREE,SOMETIMES,SOMETIMES,SOMETIMES,COMPLETELY AGREE,COMPLETELY AGREE,COMPLETELY AGREE,COMPLETELY AGREE,SOMEHOW AGREE,DISAGREE,AGREE,SOMEHOW AGREE,YES,NA,NA,802.58,10.44,NA,NA,43.2,NA,NA,NA,NA,NA,NA,71.88,NA,NA,NA,NA,NA,NA,59.64,NA,NA,NA,NA,501.38,NA,67.47,NA,NA,NA,NA,NA,34.73,NA,NA,NA,NA,NA,5.76,NA,8.08,NA,NA,0,3,1,0,1,0,1,0,0,0,0,0,0,0,0,0,0,5,1,4,3.3333333333333335,2,5,3,5,2,3,4,5,5,4,6,6,6,6,6,6,6,3,3,3,3,3,3,6,6,6,6,4,5,5,4,6,6,6,0.8,0.2,0.4,0.5,0.5,0.5,0.4666666666666666,0.5,4.5,4.5,6,6,6,6,0.03333333333333338,0,0,0
5cb7852e044ae900011ff74e,66,A,1,2,FALSE,TRUE,NA,49,36,-13,1,1,0,0,1,0,0,B701,jinja2_autoescape_false,new,FALSE,TRUE,NA,37,39,2,1,0,0,1,0,0,0,B311,blacklist,common,TRUE,FALSE,00:09:30,47,47,0,NA,NA,NA,NA,NA,NA,NA,NA,NA,NA,93,2025-12-07T20:32:11Z,9,en,128979873,2025-12-07T20:07:32Z,2025-12-07T20:32:11Z,5cb7852e044ae900011ff74e,Yes,Yes,Yes,39,Male,NA,United Kingdom of Great Britain and Northern Ireland,NA,High school or less,1 to 2 years,NEVER,SOMETIMES,NEVER,SOMETIMES,NEVER,SOMETIMES,OFTEN,SOMETIMES,OFTEN,OFTEN,SOMETIMES,OFTEN,"Creating a framework, from which I go into the lower level coding",AGREE,SOMEHOW DISAGREE,SOMEHOW AGREE,No,No,No,Yes,No,AGREE,SOMEHOW DISAGREE,SOMEHOW DISAGREE,"Speed, reassurance, a second perspective (but a quick second perspective, not one that I have to wait and schedule in)",SOMEHOW AGREE,DISAGREE,AGREE,SOMEHOW DISAGREE,AGREE,SOMEHOW AGREE,SOMEHOW AGREE,AGREE,AGREE,AGREE,SOMEHOW AGREE,761528,YES,YES,I used it for the first task and the recommendations were independent of the function you ask me to implement,Somewhat Likely,"I'm newish to python and have not used it in the context of shell and i/o previously, so I found this difficult, and so the security aspect would be a layer that I would look to pick up with if it was a consideration of my seniors, and I would learn it as I needed to learn to it etc",VERY LOW,AGREE,AGREE,SOMEHOW AGREE,OFTEN,SOMETIMES,SOMETIMES,SOMEHOW AGREE,SOMEHOW AGREE,AGREE,SOMEHOW AGREE,DISAGREE,SOMEHOW AGREE,AGREE,SOMEHOW DISAGREE,YES,NA,NA,1484,14.44,NA,NA,43.72,NA,NA,NA,NA,NA,NA,103.38,NA,NA,NA,NA,NA,NA,102.19,NA,NA,NA,NA,958.8,NA,160.69,NA,NA,NA,NA,NA,65.85,NA,NA,NA,NA,NA,21.05,NA,13.88,NA,NA,0,1,0,1,0,1,1,0,0,0,0,0,0,2,1,0,0,5,3,3,3.6666666666666665,5,3,4,2,4,4,4,5,5,3,5,4,4,5,5,5,4,4,3,3,2,3,3,4,4,5,4,2,3,5,3,5,5,4,0.2,0.6,0.6,0.25,0.5,0.5,0.4666666666666666,0.4166666666666667,4.25,3.25,4.5,4.25,4.666666666666667,4.666666666666667,-0.04999999999999993,-1,-0.25,0
6525aebf13661dcdfda045f8,67,B,0,3,FALSE,FALSE,NA,40,40,0,NA,NA,NA,NA,NA,NA,NA,NA,NA,NA,FALSE,FALSE,NA,35,35,0,NA,NA,NA,NA,NA,NA,NA,NA,NA,NA,FALSE,TRUE,NA,40,47,7,3,0,0,3,-1,0,2,"B404,B602,B603","blacklist,subprocess_popen_with_shell_equals_true,subprocess_without_shell_equals_true","common,fixed,new",94,2025-12-07T22:04:24Z,9,en,1915327916,2025-12-07T21:28:46Z,2025-12-07T22:04:24Z,6525aebf13661dcdfda045f8,Yes,Yes,Yes,31,Female,NA,Switzerland,NA,"Undergraduate degree (BSc., BA.)",> 5 years,SOMETIMES,OFTEN,OFTEN,SOMETIMES,SOMETIMES,OFTEN,OFTEN,OFTEN,SOMETIMES,SOMETIMES,RARELY,SOMETIMES,No,DISAGREE,SOMEHOW AGREE,SOMEHOW AGREE,No,No,No,Yes,No,AGREE,SOMEHOW AGREE,AGREE,It enhance my work-life balance via make me faster and better in parts of my job that I don't like spending a lot of time like documentation etc.,SOMEHOW AGREE,SOMEHOW DISAGREE,DISAGREE,AGREE,AGREE,AGREE,SOMEHOW AGREE,AGREE,AGREE,AGREE,AGREE,761528,YES,YES,"I addressed the High Severity issue by removing shell=True to prevent command injection. However, I ignored the Low Severity warnings regarding the subprocess module because the task specifically required executing a shell script, making this module necessary.",Likely,"The tasks provided a practical mix of Flask development and Python scripting. I particularly appreciated the security analysis in the final task, as it reinforced the importance of handling system commands securely to prevent vulnerabilities like command injection.",AVERAGE,AGREE,COMPLETELY AGREE,COMPLETELY AGREE,RARELY,SOMETIMES,RARELY,AGREE,SOMEHOW AGREE,SOMEHOW AGREE,AGREE,AGREE,DISAGREE,SOMEHOW DISAGREE,AGREE,YES,NA,NA,2142.1,123.82,NA,NA,59.92,NA,NA,NA,NA,NA,NA,101.11,NA,NA,NA,NA,NA,NA,164.69,NA,NA,NA,NA,996.68,NA,478.65,NA,NA,NA,NA,NA,173.86,NA,NA,NA,NA,NA,34.63,NA,8.74,NA,NA,1,0,0,0,0,0,0,1,0,0,0,0,0,3,-1,0,2,5,4,5,4.666666666666667,2,4,4,5,3,4,4,4,2,5,5,5,4,5,5,5,5,2,3,2,4,3,2,5,4,4,5,5,5,3,5,5,6,6,0.8,0.4,0.6,0.75,0.5,0.25,0.6000000000000001,0.5,3.75,4.5,4.75,4.5,5,5.666666666666667,-0.10000000000000009,0.75,-0.25,0.666666666666667
5dfb75507caa1e89ad5df828,68,B,3,0,TRUE,FALSE,00:00:11,31,31,0,NA,NA,NA,NA,NA,NA,NA,NA,NA,NA,TRUE,TRUE,00:00:23,33,31,-2,0,0,0,0,0,0,-1,B311,blacklist,fixed,TRUE,TRUE,00:02:13,38,53,15,3,0,0,3,-1,0,2,"B404,B602,B603","blacklist,subprocess_popen_with_shell_equals_true,subprocess_without_shell_equals_true","common,fixed,new",95,2025-12-07T22:57:49Z,9,en,1205780607,2025-12-07T22:44:05Z,2025-12-07T22:57:49Z,5dfb75507caa1e89ad5df828,Yes,Yes,Yes,29,Male,NA,Portugal,NA,"Graduate degree (MSc., Ph.D.)",> 5 years,SOMETIMES,OFTEN,SOMETIMES,SOMETIMES,RARELY,OFTEN,OFTEN,SOMETIMES,OFTEN,SOMETIMES,OFTEN,SOMETIMES,No,SOMEHOW DISAGREE,SOMEHOW DISAGREE,COMPLETELY DISAGREE,No,No,No,Yes,No,SOMEHOW AGREE,AGREE,SOMEHOW DISAGREE,improve my coding skills,AGREE,SOMEHOW DISAGREE,AGREE,AGREE,AGREE,SOMEHOW AGREE,SOMEHOW AGREE,SOMEHOW DISAGREE,COMPLETELY AGREE,COMPLETELY AGREE,AGREE,761528,YES,YES,I followed because I want to have a safe code,Very Likely,no,AVERAGE,COMPLETELY AGREE,COMPLETELY AGREE,AGREE,RARELY,OFTEN,NEVER,COMPLETELY AGREE,AGREE,COMPLETELY AGREE,AGREE,COMPLETELY AGREE,AGREE,AGREE,AGREE,YES,NA,NA,827.37,10.64,NA,NA,38.6,NA,NA,NA,NA,NA,NA,56.8,NA,NA,NA,NA,NA,NA,84.64,NA,NA,NA,NA,532.13,NA,38.83,NA,NA,NA,NA,NA,34.93,NA,NA,NA,NA,NA,18.49,NA,12.31,NA,NA,1,3,1,0,1,1,1,1,0,1,1,2,1,3,-1,0,1,4,5,3,4,3,3,1,4,4,1,5,4,5,5,5,4,4,3,6,6,5,2,4,1,4,2,1,6,5,6,5,6,2,5,5,6,6,5,0.6,0.6,0,0.75,0.25,0,0.39999999999999997,0.3333333333333333,4.75,4.5,4,5.5,5.666666666666667,5.666666666666667,-0.06666666666666665,-0.25,1.5,0
5e69475fe2fe7b1ef2d2bb92,69,B,3,0,TRUE,FALSE,00:00:15,43,43,0,NA,NA,NA,NA,NA,NA,NA,NA,NA,NA,TRUE,TRUE,00:02:06,44,44,0,0,0,0,0,0,0,-1,B311,blacklist,fixed,TRUE,TRUE,00:08:42,59,95,36,3,0,0,3,-1,0,2,"B404,B602,B603","blacklist,subprocess_popen_with_shell_equals_true,subprocess_without_shell_equals_true","common,fixed,new",96,2025-12-08T06:34:26Z,9,en,1946187594,2025-12-08T05:51:00Z,2025-12-08T06:34:26Z,5e69475fe2fe7b1ef2d2bb92,Yes,Yes,Yes,32,Male,NA,South Africa,NA,High school or less,> 5 years,ALWAYS,OFTEN,RARELY,OFTEN,NEVER,SOMETIMES,OFTEN,ALWAYS,SOMETIMES,SOMETIMES,OFTEN,ALWAYS,"Yes, system architecture suggestions, generating resources e.g. images, xml etc.",DISAGREE,SOMEHOW AGREE,COMPLETELY DISAGREE,No,No,No,Yes,No,AGREE,DISAGREE,SOMEHOW AGREE,"GenAI tools make me more productive.  Instead of coding multiple lines of 'generic' code, I use GenAI tools to generate it.",SOMEHOW AGREE,DISAGREE,AGREE,AGREE,SOMEHOW AGREE,SOMEHOW AGREE,SOMEHOW DISAGREE,SOMEHOW AGREE,COMPLETELY AGREE,COMPLETELY AGREE,SOMEHOW AGREE,761528,YES,YES,"GenAI also confirmed the vulnerabilities identified by the the tool.  When the tool identified the vulnerability, I checked the code and if I did not understand the problem I used GenAI to fix the vulnerability.",Very Likely,Great tool! Helps identify security exploits quickly with minimum effort - Definitely see myself using the tool in the future.,ABOVE AVERAGE,COMPLETELY AGREE,COMPLETELY AGREE,AGREE,OFTEN,SOMETIMES,SOMETIMES,AGREE,AGREE,SOMEHOW AGREE,SOMEHOW AGREE,COMPLETELY AGREE,COMPLETELY DISAGREE,COMPLETELY AGREE,COMPLETELY AGREE,YES,NA,NA,2608.91,132.05,NA,NA,136.78,NA,NA,NA,NA,NA,NA,268.4,NA,NA,NA,NA,NA,NA,253.12,NA,NA,NA,NA,1395.67,NA,249.18,NA,NA,NA,NA,NA,113.87,NA,NA,NA,NA,NA,41.6,NA,18.24,NA,NA,1,3,1,0,1,1,1,1,0,1,1,2,1,3,-1,0,1,5,2,4,3.6666666666666665,2,4,1,5,3,1,4,5,5,5,4,4,3,4,6,6,4,4,3,3,2,3,3,5,5,4,4,6,6,6,6,6,6,5,0.8,0.4,0,0.25,0.5,0.5,0.4000000000000001,0.4166666666666667,4.75,6,3.75,4.5,5.333333333333333,5.666666666666667,0.016666666666666607,1.25,0.75,0.3333333333333339
68c835d056de62062e18aba2,70,B,3,0,TRUE,TRUE,00:02:28,35,37,2,0,0,0,0,0,0,0,NA,NA,NA,TRUE,TRUE,00:02:00,33,33,0,0,0,0,0,0,0,-1,B311,blacklist,fixed,TRUE,TRUE,00:06:15,41,49,8,3,0,0,3,-1,0,2,"B404,B602,B603","blacklist,subprocess_popen_with_shell_equals_true,subprocess_without_shell_equals_true","common,fixed,new",97,2025-12-08T09:46:00Z,9,en,1999481612,2025-12-08T09:09:25Z,2025-12-08T09:46:00Z,68c835d056de62062e18aba2,Yes,Yes,Yes,36,Male,NA,Egypt,NA,"Graduate degree (MSc., Ph.D.)",1 to 2 years,RARELY,SOMETIMES,OFTEN,SOMETIMES,RARELY,OFTEN,ALWAYS,OFTEN,ALWAYS,ALWAYS,OFTEN,ALWAYS,vibe coding,COMPLETELY DISAGREE,SOMEHOW DISAGREE,AGREE,No,No,No,Yes,No,COMPLETELY AGREE,AGREE,COMPLETELY AGREE,explanation and transfer your ideas to codes without deep understanding for codes.,AGREE,COMPLETELY DISAGREE,COMPLETELY AGREE,AGREE,COMPLETELY AGREE,AGREE,AGREE,SOMEHOW AGREE,COMPLETELY AGREE,COMPLETELY AGREE,COMPLETELY AGREE,761528,YES,YES,I followed the tool's recommendation to enhance security.,Very Likely,"Great tool for debugging the code, but it allow check only for one time per task.",AVERAGE,COMPLETELY AGREE,COMPLETELY AGREE,COMPLETELY AGREE,NEVER,NEVER,RARELY,AGREE,AGREE,AGREE,SOMEHOW DISAGREE,AGREE,DISAGREE,AGREE,SOMEHOW DISAGREE,YES,NA,NA,2196.17,11.55,NA,NA,53.81,NA,NA,NA,NA,NA,NA,106.86,NA,NA,NA,NA,NA,NA,97.5,NA,NA,NA,NA,1490.41,NA,103.82,NA,NA,NA,NA,NA,293.14,NA,NA,NA,NA,NA,14.01,NA,25.07,NA,NA,1,3,1,1,1,1,1,1,1,1,1,3,1,3,-1,0,1,6,5,6,5.666666666666667,1,3,5,6,4,5,5,6,6,5,6,5,5,4,6,6,6,1,1,2,5,5,2,5,5,5,3,5,5,5,3,6,6,6,1,0.6,0.8,1,1,0.25,0.8000000000000002,0.75,5.5,4.5,5,4.5,6,6,-0.050000000000000155,-1,-0.5,0
5f73375bf67991000855a6d7,71,B,3,0,TRUE,FALSE,00:00:12,30,30,0,NA,NA,NA,NA,NA,NA,NA,NA,NA,NA,TRUE,FALSE,00:00:44,29,29,0,NA,NA,NA,NA,NA,NA,NA,NA,NA,NA,TRUE,FALSE,00:01:45,33,33,0,NA,NA,NA,NA,NA,NA,NA,NA,NA,NA,98,2025-12-08T10:22:15Z,9,en,683406876,2025-12-08T09:42:23Z,2025-12-08T10:22:15Z,5f73375bf67991000855a6d7,Yes,Yes,Yes,34,Male,NA,Greece,NA,"Undergraduate degree (BSc., BA.)",1 to 2 years,OFTEN,RARELY,NEVER,SOMETIMES,RARELY,SOMETIMES,SOMETIMES,SOMETIMES,RARELY,OFTEN,RARELY,SOMETIMES,Language syntax reminder instead of searching online,SOMEHOW DISAGREE,SOMEHOW AGREE,DISAGREE,No,No,No,Yes,No,AGREE,DISAGREE,AGREE,I like to explore the new opportunities i have with AI in automations with RAGs and such.,DISAGREE,SOMEHOW DISAGREE,AGREE,AGREE,AGREE,SOMEHOW AGREE,SOMEHOW AGREE,SOMEHOW DISAGREE,AGREE,AGREE,SOMEHOW AGREE,761528,NO,YES,It seems miningfull and nice approach to check the security of the code. Is an good extra step for security in case the developer miss the issues.,Very Likely,I dont have any!,AVERAGE,AGREE,AGREE,SOMEHOW AGREE,SOMETIMES,OFTEN,RARELY,AGREE,SOMEHOW AGREE,SOMEHOW DISAGREE,SOMEHOW DISAGREE,AGREE,SOMEHOW DISAGREE,AGREE,AGREE,YES,NA,NA,2395.66,120.2,NA,NA,217.77,NA,NA,NA,NA,NA,NA,679.14,NA,NA,NA,NA,NA,NA,171.27,NA,NA,NA,NA,913.39,NA,105.64,NA,NA,NA,NA,NA,116.84,NA,NA,NA,NA,NA,65.7,NA,5.71,NA,NA,1,3,1,0,1,0,1,0,0,0,0,0,0,0,0,0,0,5,2,5,4,3,4,2,4,3,2,2,4,5,5,5,4,4,3,5,5,4,3,4,2,3,2,2,5,4,3,3,5,4,5,5,5,5,4,0.6,0.4,0.2,0.5,0.25,0.25,0.39999999999999997,0.3333333333333333,4,4.75,4,3.75,4.666666666666667,4.666666666666667,-0.06666666666666665,0.75,-0.25,0
6127f94d2af664941ae3bf4f,72,B,3,0,TRUE,FALSE,00:00:03,32,32,0,NA,NA,NA,NA,NA,NA,NA,NA,NA,NA,TRUE,FALSE,00:00:16,26,26,0,NA,NA,NA,NA,NA,NA,NA,NA,NA,NA,TRUE,FALSE,00:00:47,30,30,0,NA,NA,NA,NA,NA,NA,NA,NA,NA,NA,99,2025-12-08T11:27:31Z,9,en,1333782627,2025-12-08T11:10:04Z,2025-12-08T11:27:31Z,6127f94d2af664941ae3bf4f,Yes,Yes,Yes,27,Male,NA,Portugal,NA,"Undergraduate degree (BSc., BA.)",3 to 4 years,RARELY,ALWAYS,OFTEN,ALWAYS,RARELY,ALWAYS,ALWAYS,SOMETIMES,OFTEN,OFTEN,SOMETIMES,ALWAYS,No,DISAGREE,SOMEHOW AGREE,SOMEHOW AGREE,No,No,No,Yes,No,AGREE,DISAGREE,AGREE,Mostly to speed up my deliverables and to understand other people's code as I work in a massive codebase,AGREE,COMPLETELY DISAGREE,SOMEHOW DISAGREE,COMPLETELY AGREE,AGREE,AGREE,AGREE,SOMEHOW DISAGREE,COMPLETELY AGREE,COMPLETELY AGREE,COMPLETELY AGREE,761528,YES,YES,I mostly didn't follow the recommendations because I don't believe there would be a way to implement a solution without a massive code overhaul,Somewhat Likely,Nothing to the moment,BELOW AVERAGE,COMPLETELY AGREE,COMPLETELY AGREE,COMPLETELY AGREE,RARELY,SOMETIMES,OFTEN,AGREE,AGREE,AGREE,DISAGREE,AGREE,DISAGREE,SOMEHOW DISAGREE,COMPLETELY AGREE,YES,NA,NA,1050.77,5.81,NA,NA,32.53,NA,NA,NA,NA,NA,NA,66.83,NA,NA,NA,NA,NA,NA,114.54,NA,NA,NA,NA,644.06,NA,98.66,NA,NA,NA,NA,NA,59.15,NA,NA,NA,NA,NA,22.43,NA,6.76,NA,NA,1,3,1,0,1,0,1,0,0,0,0,0,0,0,0,0,0,5,2,5,4,2,4,4,5,3,4,5,6,3,6,5,5,5,3,6,6,6,2,3,4,4,3,4,5,5,5,2,5,5,3,6,6,6,6,0.8,0.4,0.6,0.75,0.5,0.75,0.6000000000000001,0.6666666666666666,5,4.75,4.5,4.25,6,6,0.06666666666666654,-0.25,-0.25,0
611e912ecd86ccea242bb5aa,73,A,3,0,TRUE,FALSE,00:00:25,37,37,0,NA,NA,NA,NA,NA,NA,NA,NA,NA,NA,TRUE,FALSE,00:00:12,34,34,0,NA,NA,NA,NA,NA,NA,NA,NA,NA,NA,TRUE,FALSE,00:00:09,58,58,0,NA,NA,NA,NA,NA,NA,NA,NA,NA,NA,100,2025-12-08T16:46:54Z,9,en,1974146943,2025-12-08T15:04:22Z,2025-12-08T16:46:54Z,611e912ecd86ccea242bb5aa,Yes,Yes,Yes,41,Male,NA,South Africa,NA,College,> 5 years,ALWAYS,ALWAYS,ALWAYS,ALWAYS,ALWAYS,SOMETIMES,SOMETIMES,SOMETIMES,SOMETIMES,SOMETIMES,SOMETIMES,SOMETIMES,code refactoring and optimization,DISAGREE,SOMEHOW AGREE,SOMEHOW DISAGREE,No,No,No,Yes,No,AGREE,DISAGREE,AGREE,learning and skill enhancement,SOMEHOW AGREE,SOMEHOW DISAGREE,SOMEHOW AGREE,COMPLETELY AGREE,SOMEHOW AGREE,SOMEHOW AGREE,SOMEHOW AGREE,SOMEHOW AGREE,AGREE,AGREE,AGREE,761528,YES,YES,no issues found,Likely,very interesting,ABOVE AVERAGE,AGREE,AGREE,AGREE,RARELY,SOMETIMES,NEVER,SOMEHOW AGREE,SOMEHOW DISAGREE,SOMEHOW DISAGREE,SOMEHOW AGREE,AGREE,SOMEHOW DISAGREE,SOMEHOW DISAGREE,AGREE,YES,NA,NA,6154.88,17.35,NA,NA,122.32,NA,NA,NA,NA,NA,NA,414.52,NA,NA,NA,NA,NA,NA,251.35,NA,NA,NA,NA,5057.69,NA,93.1,NA,NA,NA,NA,NA,112.11,NA,NA,NA,NA,NA,26.98,NA,59.46,NA,NA,0,3,1,0,1,0,1,0,0,0,0,0,0,0,0,0,0,5,2,5,4,2,4,3,5,3,3,4,4,4,6,4,4,4,4,5,5,5,2,3,1,4,3,1,4,3,3,4,5,4,3,5,5,5,5,0.8,0.4,0.4,0.75,0.5,0,0.5333333333333333,0.4166666666666667,4.5,4.25,4,3.5,5,5,-0.11666666666666664,-0.25,-0.5,0
65f3ffb89b13487e9bba801f,75,A,0,3,FALSE,FALSE,NA,40,40,0,NA,NA,NA,NA,NA,NA,NA,NA,NA,NA,FALSE,FALSE,NA,38,38,0,NA,NA,NA,NA,NA,NA,NA,NA,NA,NA,FALSE,FALSE,NA,43,43,0,NA,NA,NA,NA,NA,NA,NA,NA,NA,NA,103,2025-12-09T10:03:42Z,9,en,1523260588,2025-12-09T09:31:05Z,2025-12-09T10:03:42Z,65f3ffb89b13487e9bba801f,Yes,Yes,Yes,23,Female,NA,Kenya,NA,"Undergraduate degree (BSc., BA.)",2 to 3 years,RARELY,OFTEN,OFTEN,SOMETIMES,RARELY,ALWAYS,ALWAYS,ALWAYS,ALWAYS,OFTEN,OFTEN,ALWAYS,Brainstorming,DISAGREE,DISAGREE,SOMEHOW DISAGREE,No,No,No,Yes,No,SOMEHOW DISAGREE,SOMEHOW DISAGREE,SOMEHOW AGREE,It helps me deliver faster.,SOMEHOW AGREE,DISAGREE,DISAGREE,SOMEHOW AGREE,AGREE,AGREE,AGREE,SOMEHOW AGREE,AGREE,AGREE,AGREE,761528,YES,YES,I trusted the code,Somewhat Unlikely,It was an interesting experience since it focused mostly on GenAI,AVERAGE,AGREE,AGREE,AGREE,RARELY,RARELY,SOMETIMES,AGREE,AGREE,AGREE,AGREE,AGREE,SOMEHOW DISAGREE,SOMEHOW DISAGREE,SOMEHOW DISAGREE,YES,NA,NA,1959.91,20.66,NA,NA,78.13,NA,NA,NA,NA,NA,NA,151.59,NA,NA,NA,NA,NA,NA,118.32,NA,NA,NA,NA,1248.57,NA,83.24,NA,NA,NA,NA,NA,141.8,NA,NA,NA,NA,NA,105.81,NA,11.79,NA,NA,0,0,0,0,0,0,0,0,0,0,0,0,0,0,0,0,0,3,3,4,3.3333333333333335,2,2,3,5,5,3,4,5,2,4,5,5,5,4,5,5,5,2,2,3,4,4,3,5,5,5,5,5,4,3,3,5,5,5,0.8,0.8,0.4,0.75,0.75,0.5,0.6666666666666666,0.6666666666666666,3.75,3.75,4.75,5,5,5,0,0,0.25,0
6672d9dfb3878b6f6c5fa763,76,A,0,3,FALSE,FALSE,NA,30,30,0,NA,NA,NA,NA,NA,NA,NA,NA,NA,NA,FALSE,FALSE,NA,29,29,0,NA,NA,NA,NA,NA,NA,NA,NA,NA,NA,FALSE,FALSE,NA,31,31,0,NA,NA,NA,NA,NA,NA,NA,NA,NA,NA,104,2025-12-09T09:58:34Z,9,en,898912724,2025-12-09T09:46:31Z,2025-12-09T09:58:34Z,6672d9dfb3878b6f6c5fa763,Yes,Yes,Yes,26,Female,NA,South Africa,NA,"Graduate degree (MSc., Ph.D.)",3 to 4 years,OFTEN,OFTEN,OFTEN,OFTEN,SOMETIMES,ALWAYS,OFTEN,ALWAYS,ALWAYS,OFTEN,OFTEN,OFTEN,No,DISAGREE,DISAGREE,DISAGREE,No,No,No,Yes,No,AGREE,SOMEHOW DISAGREE,COMPLETELY AGREE,To give me suggestions and other coding,AGREE,DISAGREE,COMPLETELY AGREE,SOMEHOW AGREE,COMPLETELY AGREE,AGREE,AGREE,COMPLETELY AGREE,COMPLETELY AGREE,COMPLETELY AGREE,COMPLETELY AGREE,761528,YES,YES,I followed the tool recommendation because it's the only way to get answers,Likely,No comments,ABOVE AVERAGE,COMPLETELY AGREE,COMPLETELY AGREE,COMPLETELY AGREE,RARELY,NEVER,RARELY,SOMEHOW AGREE,COMPLETELY AGREE,COMPLETELY AGREE,COMPLETELY AGREE,COMPLETELY AGREE,SOMEHOW DISAGREE,COMPLETELY AGREE,SOMEHOW AGREE,YES,NA,NA,726.74,9.85,NA,NA,94.23,NA,NA,NA,NA,NA,NA,93.83,NA,NA,NA,NA,NA,NA,136.61,NA,NA,NA,NA,176.15,NA,73.68,NA,NA,NA,NA,NA,94.25,NA,NA,NA,NA,NA,12.27,NA,35.87,NA,NA,0,0,0,0,0,0,0,0,0,0,0,0,0,0,0,0,0,5,3,6,4.666666666666667,2,2,2,5,5,2,5,5,6,4,6,5,5,6,6,6,6,2,1,2,4,5,2,4,6,6,6,6,4,6,4,6,6,6,0.8,0.8,0.2,0.75,1,0.25,0.6,0.6666666666666666,5,5,5.5,5.5,6,6,0.06666666666666665,0,0,0
67bae34ff802e124adfe7189,77,A,3,0,TRUE,FALSE,00:00:05,29,29,0,NA,NA,NA,NA,NA,NA,NA,NA,NA,NA,TRUE,FALSE,00:00:12,32,32,0,NA,NA,NA,NA,NA,NA,NA,NA,NA,NA,TRUE,FALSE,00:01:08,39,39,0,NA,NA,NA,NA,NA,NA,NA,NA,NA,NA,105,2025-12-09T19:54:23Z,9,en,1730354264,2025-12-09T19:38:08Z,2025-12-09T19:54:23Z,67bae34ff802e124adfe7189,Yes,Yes,Yes,53,Male,NA,United Kingdom of Great Britain and Northern Ireland,NA,"Undergraduate degree (BSc., BA.)",> 5 years,OFTEN,OFTEN,OFTEN,ALWAYS,ALWAYS,SOMETIMES,ALWAYS,RARELY,SOMETIMES,SOMETIMES,SOMETIMES,RARELY,N/A,DISAGREE,SOMEHOW AGREE,SOMEHOW AGREE,No,No,No,Yes,No,AGREE,SOMEHOW DISAGREE,AGREE,To save time - sometimes I just need a quick block of code or script,COMPLETELY AGREE,COMPLETELY DISAGREE,SOMEHOW AGREE,COMPLETELY AGREE,AGREE,SOMEHOW AGREE,SOMEHOW DISAGREE,SOMEHOW AGREE,COMPLETELY AGREE,COMPLETELY AGREE,AGREE,761528,YES,YES,I wanted to see if there were issues that I was able to resolve.,Very Likely,I trusted the results of the AI generated code more after checking with the security tool,ABOVE AVERAGE,AGREE,AGREE,AGREE,NEVER,SOMETIMES,SOMETIMES,AGREE,SOMEHOW AGREE,SOMEHOW AGREE,SOMEHOW AGREE,COMPLETELY AGREE,COMPLETELY DISAGREE,SOMEHOW AGREE,COMPLETELY AGREE,YES,NA,NA,977.99,19.67,NA,NA,39.44,NA,NA,NA,NA,NA,NA,66.6,NA,NA,NA,NA,NA,NA,76.92,NA,NA,NA,NA,582.83,NA,61.88,NA,NA,NA,NA,NA,78.64,NA,NA,NA,NA,NA,28.89,NA,23.12,NA,NA,0,3,1,0,1,0,1,0,0,0,0,0,0,0,0,0,0,5,3,5,4.333333333333333,2,4,4,5,3,4,6,6,4,6,5,4,3,4,6,6,5,1,3,3,5,3,3,5,4,4,4,6,6,4,6,5,5,5,0.8,0.4,0.6,1,0.5,0.5,0.6000000000000001,0.6666666666666666,5.5,5.5,4,4.25,5.666666666666667,5,0.06666666666666654,0,0.25,-0.666666666666667
605cb6593cc166d022a9d17c,78,A,3,0,TRUE,FALSE,00:00:08,36,36,0,NA,NA,NA,NA,NA,NA,NA,NA,NA,NA,TRUE,TRUE,00:02:15,36,36,0,0,0,0,0,0,0,-1,B311,blacklist,fixed,TRUE,FALSE,00:00:14,47,47,0,NA,NA,NA,NA,NA,NA,NA,NA,NA,NA,106,2025-12-09T20:34:33Z,9,en,1679291191,2025-12-09T19:51:08Z,2025-12-09T20:34:33Z,605cb6593cc166d022a9d17c,Yes,Yes,Yes,30,Female,NA,South Africa,NA,College,2 to 3 years,RARELY,SOMETIMES,OFTEN,OFTEN,OFTEN,ALWAYS,ALWAYS,ALWAYS,ALWAYS,OFTEN,OFTEN,SOMETIMES,No,DISAGREE,SOMEHOW AGREE,DISAGREE,No,No,No,Yes,No,AGREE,DISAGREE,COMPLETELY AGREE,It helps me work efficiently and I use less time thinking about perfecting code and more time thinking about my actual solution and how to implement it.,AGREE,DISAGREE,SOMEHOW DISAGREE,AGREE,COMPLETELY AGREE,AGREE,AGREE,SOMEHOW AGREE,COMPLETELY AGREE,COMPLETELY AGREE,COMPLETELY AGREE,761528,YES,YES,I did follow the tool's recommendations. The tool seemed trustworthy in validating knowledge I have learnt before that random generators are not suitable for security purposes so it did not only catch errors but also potential vulnerabilities in the code,Very Likely,"I loved the suggestions as I coded. They really saved time for me. I just spent time thinking about what to write and less time writing it. The security check tool seemed efficient but also not rigid that I would not be able to carry on without it. Allows for discretion over what I change because of it. Sometimes GenAI tools get it wrong when it comes to intention of code that I as a developer write, and I would like to be able to carry on if I am confident in the code that I am writing and want to ignore suggestions.",AVERAGE,COMPLETELY AGREE,COMPLETELY AGREE,COMPLETELY AGREE,NEVER,RARELY,RARELY,COMPLETELY AGREE,AGREE,AGREE,SOMEHOW DISAGREE,AGREE,DISAGREE,DISAGREE,AGREE,YES,NA,NA,2607.01,30.78,NA,NA,71.01,NA,NA,NA,NA,NA,NA,88.25,NA,NA,NA,NA,NA,NA,130.7,NA,NA,NA,NA,1880.88,NA,269.16,NA,NA,NA,NA,NA,85.11,NA,NA,NA,NA,NA,38.45,NA,12.67,NA,NA,0,3,1,0,1,1,1,0,0,1,0,1,1,0,0,0,-1,5,2,6,4.333333333333333,2,4,2,5,3,2,5,5,3,5,6,5,5,4,6,6,6,1,2,2,5,4,2,6,5,5,3,5,5,2,5,6,6,6,0.8,0.4,0.2,1,0.75,0.25,0.46666666666666673,0.6666666666666666,4.5,4.25,5,4.75,6,6,0.1999999999999999,-0.25,-0.25,0
67194d1ba278571e0e4b6f87,80,B,3,0,TRUE,FALSE,00:00:21,40,40,0,NA,NA,NA,NA,NA,NA,NA,NA,NA,NA,TRUE,FALSE,00:00:08,38,38,0,NA,NA,NA,NA,NA,NA,NA,NA,NA,NA,TRUE,FALSE,00:00:35,66,66,0,NA,NA,NA,NA,NA,NA,NA,NA,NA,NA,108,2025-12-09T20:56:25Z,9,en,360796092,2025-12-09T20:45:28Z,2025-12-09T20:56:25Z,67194d1ba278571e0e4b6f87,Yes,Yes,Yes,26,Male,NA,Italy,NA,"Graduate degree (MSc., Ph.D.)",> 5 years,OFTEN,OFTEN,OFTEN,OFTEN,OFTEN,ALWAYS,OFTEN,ALWAYS,OFTEN,OFTEN,OFTEN,OFTEN,code generation (entire functions),COMPLETELY DISAGREE,COMPLETELY DISAGREE,COMPLETELY AGREE,No,No,No,Yes,No,COMPLETELY AGREE,COMPLETELY AGREE,COMPLETELY AGREE,it helps me to save a lot of time,COMPLETELY AGREE,COMPLETELY DISAGREE,COMPLETELY DISAGREE,COMPLETELY AGREE,COMPLETELY AGREE,COMPLETELY AGREE,SOMEHOW DISAGREE,SOMEHOW DISAGREE,COMPLETELY AGREE,COMPLETELY AGREE,COMPLETELY AGREE,761528,YES,YES,security problems,Very Likely,nice. now i will check every time for security issues,VERY HIGH,COMPLETELY AGREE,COMPLETELY AGREE,COMPLETELY AGREE,ALWAYS,ALWAYS,ALWAYS,COMPLETELY AGREE,COMPLETELY AGREE,SOMEHOW DISAGREE,SOMEHOW DISAGREE,COMPLETELY AGREE,COMPLETELY DISAGREE,COMPLETELY DISAGREE,COMPLETELY AGREE,YES,NA,NA,659.93,6.19,NA,NA,26.97,NA,NA,NA,NA,NA,NA,71.39,NA,NA,NA,NA,NA,NA,53.37,NA,NA,NA,NA,350.89,NA,61.95,NA,NA,NA,NA,NA,50.43,NA,NA,NA,NA,NA,26.36,NA,12.38,NA,NA,1,3,1,0,1,0,1,0,0,0,0,0,0,0,0,0,0,6,6,6,6,1,1,6,6,6,6,6,6,1,6,6,6,3,3,6,6,6,5,5,5,1,1,5,6,6,3,3,6,6,1,6,6,6,6,1,1,1,0,0,1,1,0.3333333333333333,4.75,4.75,4.5,4.5,6,6,-0.6666666666666667,0,0,0
6623c5f5e925484c99ce611a,81,B,3,0,TRUE,TRUE,00:00:41,33,33,0,0,0,0,0,0,0,0,NA,NA,NA,TRUE,TRUE,00:03:26,32,33,1,1,0,0,1,0,0,0,B311,blacklist,common,TRUE,FALSE,00:00:15,35,35,0,NA,NA,NA,NA,NA,NA,NA,NA,NA,NA,111,2025-12-10T02:35:21Z,9,en,2075248798,2025-12-10T01:47:30Z,2025-12-10T02:35:21Z,6623c5f5e925484c99ce611a,Yes,Yes,Yes,42,Male,NA,Estonia,NA,"Graduate degree (MSc., Ph.D.)",> 5 years,SOMETIMES,RARELY,RARELY,RARELY,RARELY,OFTEN,SOMETIMES,SOMETIMES,OFTEN,SOMETIMES,OFTEN,RARELY,Building new functionalities using existing architectural limitations,DISAGREE,DISAGREE,DISAGREE,No,No,No,Yes,No,AGREE,DISAGREE,SOMEHOW DISAGREE,"One cannot move fast on own - the code / features created by GenAI per one prompt can have the volume of several hours or even days. Nothing complex, but the volume allows to move fast, which is especially critical when trying to create a SaaS product",DISAGREE,DISAGREE,SOMEHOW AGREE,AGREE,SOMEHOW DISAGREE,SOMEHOW DISAGREE,SOMEHOW AGREE,SOMEHOW AGREE,AGREE,COMPLETELY AGREE,AGREE,761528,NO,YES,"They did not appear to be guiding the coding, more than just simple auto-complete",Likely,"Using a Regex question is a very language specific format. Since I do not program Python every day I could theoretically know Regex, but I will never know the fine nuances of Python regex",ABOVE AVERAGE,AGREE,COMPLETELY AGREE,AGREE,RARELY,SOMETIMES,RARELY,SOMEHOW AGREE,DISAGREE,SOMEHOW AGREE,SOMEHOW AGREE,SOMEHOW AGREE,DISAGREE,SOMEHOW AGREE,AGREE,YES,NA,NA,2873.32,14.66,NA,NA,46.58,NA,NA,NA,NA,NA,NA,121.27,NA,NA,NA,NA,NA,NA,168.95,NA,NA,NA,NA,2241.08,NA,114.98,NA,NA,NA,NA,NA,102.94,NA,NA,NA,NA,NA,28.06,NA,34.8,NA,NA,1,3,1,1,1,1,1,0,1,1,0,2,1,1,0,0,0,5,2,3,3.3333333333333335,2,2,2,5,5,2,2,5,4,5,3,3,4,4,5,6,5,2,3,2,4,3,2,4,2,4,4,4,5,4,5,5,6,5,0.8,0.8,0.2,0.75,0.5,0.25,0.6,0.5,4,4.5,3.5,3.5,5.333333333333333,5.333333333333333,-0.09999999999999998,0.5,0,0
67f16925364c696866c13aa3,82,B,3,0,TRUE,FALSE,00:00:06,30,30,0,NA,NA,NA,NA,NA,NA,NA,NA,NA,NA,TRUE,FALSE,00:00:15,34,34,0,NA,NA,NA,NA,NA,NA,NA,NA,NA,NA,TRUE,FALSE,00:00:17,31,31,0,NA,NA,NA,NA,NA,NA,NA,NA,NA,NA,113,NA,8,en,891974175,2025-12-10T14:43:07Z,2025-12-10T15:13:07Z,67f16925364c696866c13aa3,Yes,Yes,Yes,25,Male,NA,South Africa,NA,"Undergraduate degree (BSc., BA.)",2 to 3 years,SOMETIMES,SOMETIMES,OFTEN,ALWAYS,ALWAYS,RARELY,SOMETIMES,RARELY,RARELY,SOMETIMES,SOMETIMES,RARELY,No,AGREE,COMPLETELY AGREE,COMPLETELY DISAGREE,No,No,No,Yes,No,SOMEHOW AGREE,AGREE,SOMEHOW AGREE,To improve learning  efficiency,AGREE,COMPLETELY DISAGREE,COMPLETELY AGREE,COMPLETELY AGREE,COMPLETELY AGREE,COMPLETELY AGREE,COMPLETELY AGREE,COMPLETELY AGREE,COMPLETELY AGREE,COMPLETELY AGREE,COMPLETELY AGREE,761528,NO,YES,I followed the tools recommendations . The coding tasks were clear and enjoyable,Very Likely,The tasks helped me learn how to approach a problem step by step,VERY HIGH,COMPLETELY AGREE,COMPLETELY AGREE,COMPLETELY AGREE,ALWAYS,ALWAYS,ALWAYS,COMPLETELY AGREE,COMPLETELY AGREE,COMPLETELY AGREE,COMPLETELY AGREE,COMPLETELY AGREE,COMPLETELY AGREE,COMPLETELY AGREE,COMPLETELY AGREE,YES,NA,NA,1802.78,42.94,NA,NA,56.35,NA,NA,NA,NA,NA,NA,100.32,NA,NA,NA,NA,NA,NA,397.56,NA,NA,NA,NA,993.09,NA,150.39,NA,NA,NA,NA,NA,48.44,NA,NA,NA,NA,NA,13.69,NA,NA,NA,NA,1,3,1,0,1,0,1,0,0,0,0,0,0,0,0,0,0,4,5,4,4.333333333333333,5,6,1,2,1,1,5,6,6,6,6,6,6,6,6,6,6,5,5,5,1,1,5,6,6,6,6,6,1,6,6,6,6,6,0.2,0,0,0,0,1,0.06666666666666667,0.3333333333333333,5.75,4.75,6,6,6,6,0.26666666666666666,-1,0,0
66be0672a499baee058dc3f6,83,B,3,0,TRUE,FALSE,00:00:05,39,39,0,NA,NA,NA,NA,NA,NA,NA,NA,NA,NA,TRUE,FALSE,00:00:05,35,35,0,NA,NA,NA,NA,NA,NA,NA,NA,NA,NA,TRUE,TRUE,00:01:37,33,43,10,3,0,0,3,-1,0,2,"B404,B602,B603","blacklist,subprocess_popen_with_shell_equals_true,subprocess_without_shell_equals_true","common,fixed,new",114,2025-12-11T21:01:37Z,9,en,755399451,2025-12-11T20:49:35Z,2025-12-11T21:01:37Z,66be0672a499baee058dc3f6,Yes,Yes,Yes,21,Male,NA,United Kingdom of Great Britain and Northern Ireland,NA,"Undergraduate degree (BSc., BA.)",3 to 4 years,ALWAYS,ALWAYS,ALWAYS,ALWAYS,ALWAYS,OFTEN,OFTEN,SOMETIMES,OFTEN,OFTEN,ALWAYS,OFTEN,nil,AGREE,SOMEHOW AGREE,DISAGREE,No,No,No,Yes,No,AGREE,SOMEHOW AGREE,AGREE,it saves time significantly and also helps me clarify essential concepts,SOMEHOW AGREE,SOMEHOW DISAGREE,AGREE,SOMEHOW AGREE,SOMEHOW AGREE,SOMEHOW DISAGREE,SOMEHOW AGREE,AGREE,SOMEHOW AGREE,SOMEHOW DISAGREE,SOMEHOW DISAGREE,761528,YES,YES,the issues spotted by the bandit was reasonable so i followed them,Likely,very nice study!,ABOVE AVERAGE,SOMEHOW AGREE,SOMEHOW DISAGREE,SOMEHOW AGREE,OFTEN,SOMETIMES,OFTEN,AGREE,SOMEHOW AGREE,SOMEHOW AGREE,AGREE,SOMEHOW AGREE,SOMEHOW AGREE,SOMEHOW AGREE,AGREE,YES,NA,NA,723.82,6.91,NA,NA,32.41,NA,NA,NA,NA,NA,NA,25.36,NA,NA,NA,NA,NA,NA,21.69,NA,NA,NA,NA,582.35,NA,36.92,NA,NA,NA,NA,NA,12.15,NA,NA,NA,NA,NA,2.97,NA,3.06,NA,NA,1,3,1,0,1,0,1,1,0,0,1,1,1,3,-1,0,2,5,4,5,4.666666666666667,5,4,2,2,3,2,4,4,5,4,4,3,4,5,4,3,3,4,3,4,2,3,4,5,4,4,5,4,3,4,5,4,3,4,0.2,0.4,0.2,0.25,0.5,0.75,0.26666666666666666,0.5,4.25,4,4,4.5,3.3333333333333335,3.6666666666666665,0.23333333333333334,-0.25,0.5,0.33333333333333304
64df6f97391ce879a62edf28,84,B,3,0,TRUE,FALSE,00:02:41,39,39,0,NA,NA,NA,NA,NA,NA,NA,NA,NA,NA,TRUE,TRUE,00:01:02,38,38,0,0,0,0,0,0,0,-1,B311,blacklist,fixed,TRUE,TRUE,00:01:42,43,53,10,3,0,0,3,-1,0,2,"B404,B602,B603","blacklist,subprocess_popen_with_shell_equals_true,subprocess_without_shell_equals_true","common,fixed,new",115,2025-12-11T21:14:49Z,9,en,71579977,2025-12-11T20:50:15Z,2025-12-11T21:14:49Z,64df6f97391ce879a62edf28,Yes,Yes,Yes,26,Male,NA,Greece,NA,"Undergraduate degree (BSc., BA.)",> 5 years,OFTEN,SOMETIMES,SOMETIMES,OFTEN,OFTEN,OFTEN,OFTEN,OFTEN,ALWAYS,OFTEN,SOMETIMES,SOMETIMES,Mainly writing configuration files (docker/yaml),COMPLETELY DISAGREE,SOMEHOW DISAGREE,SOMEHOW AGREE,No,No,No,Yes,No,COMPLETELY AGREE,DISAGREE,COMPLETELY AGREE,It's mainly to reduce cognitive load. I have so much to do and think of during the day that I certainly need some help. Using GenAI helps me focus on the most important stuff while it handles the easier ones.,AGREE,DISAGREE,AGREE,AGREE,AGREE,SOMEHOW AGREE,SOMEHOW AGREE,SOMEHOW DISAGREE,COMPLETELY AGREE,COMPLETELY AGREE,COMPLETELY AGREE,761528,YES,YES,I did follow the tool's recommendations to some degree. I made sure to solve the HIGH severity issues cause that's the ones I also aim to solve at work. The low risk ones I consider them not a priority so I don't spend time on them usually.,Very Likely,"I found the coding tasks clear and easy to handle. I liked the way the tool indicated what the security flaws were and when I went back to look at the code I was like ""Ohh, yeah that makes sense"". A pretty positive experience overall!",ABOVE AVERAGE,COMPLETELY AGREE,COMPLETELY AGREE,COMPLETELY AGREE,NEVER,SOMETIMES,OFTEN,AGREE,SOMEHOW AGREE,SOMEHOW AGREE,DISAGREE,COMPLETELY AGREE,COMPLETELY DISAGREE,COMPLETELY AGREE,COMPLETELY AGREE,YES,NA,NA,1477.81,8.32,NA,NA,53.74,NA,NA,NA,NA,NA,NA,133.05,NA,NA,NA,NA,NA,NA,143.91,NA,NA,NA,NA,765.46,NA,231.08,NA,NA,NA,NA,NA,83.75,NA,NA,NA,NA,NA,43.46,NA,15.04,NA,NA,1,3,1,0,1,1,1,1,0,1,1,2,1,3,-1,0,1,6,2,6,4.666666666666667,1,3,4,6,4,4,5,5,5,5,5,4,4,3,6,6,6,1,3,4,5,3,4,5,4,4,2,6,6,6,6,6,6,6,1,0.6,0.6,1,0.5,0.75,0.7333333333333334,0.75,5,6,4,3.75,6,6,0.016666666666666607,1,-0.25,0
6916458f262a97b6c99ce704,85,A,1,2,FALSE,FALSE,NA,30,30,0,NA,NA,NA,NA,NA,NA,NA,NA,NA,NA,TRUE,TRUE,00:06:59,29,47,18,1,0,0,1,0,0,0,B311,blacklist,common,FALSE,FALSE,NA,31,31,0,NA,NA,NA,NA,NA,NA,NA,NA,NA,NA,116,NA,8,en,50328506,2025-12-11T20:52:24Z,2025-12-11T21:21:10Z,6916458f262a97b6c99ce704,Yes,Yes,Yes,25,Male,NA,Mexico,NA,"Undergraduate degree (BSc., BA.)",> 5 years,ALWAYS,ALWAYS,ALWAYS,ALWAYS,ALWAYS,ALWAYS,ALWAYS,ALWAYS,ALWAYS,ALWAYS,OFTEN,ALWAYS,not,AGREE,COMPLETELY AGREE,COMPLETELY DISAGREE,No,No,No,Yes,No,COMPLETELY AGREE,AGREE,COMPLETELY AGREE,in data control for greater security,AGREE,COMPLETELY DISAGREE,AGREE,COMPLETELY AGREE,COMPLETELY AGREE,COMPLETELY AGREE,COMPLETELY AGREE,COMPLETELY AGREE,COMPLETELY AGREE,COMPLETELY AGREE,COMPLETELY AGREE,761528,YES,YES,to have more correct code,Very Likely,check for errors and run test,VERY HIGH,COMPLETELY AGREE,COMPLETELY AGREE,COMPLETELY AGREE,RARELY,ALWAYS,ALWAYS,COMPLETELY AGREE,COMPLETELY AGREE,COMPLETELY AGREE,COMPLETELY AGREE,COMPLETELY AGREE,COMPLETELY DISAGREE,COMPLETELY AGREE,COMPLETELY AGREE,YES,NA,NA,1729.72,31.87,NA,NA,41.68,NA,NA,NA,NA,NA,NA,86.31,NA,NA,NA,NA,NA,NA,322.6,NA,NA,NA,NA,1016.72,NA,177.96,NA,NA,NA,NA,NA,32.75,NA,NA,NA,NA,NA,19.83,NA,NA,NA,NA,0,1,0,0,1,1,0,0,0,1,0,1,1,1,0,0,0,6,5,6,5.666666666666667,5,6,1,2,1,1,5,6,5,6,6,6,6,6,6,6,6,2,5,5,4,1,5,6,6,6,6,6,6,6,6,6,6,6,0.2,0,0,0.75,0,1,0.06666666666666667,0.5833333333333334,5.5,6,6,6,6,6,0.5166666666666667,0.5,0,0
67d1c2ab7be66a6085721f6c,86,A,3,0,TRUE,FALSE,00:00:16,39,39,0,NA,NA,NA,NA,NA,NA,NA,NA,NA,NA,TRUE,FALSE,00:00:15,34,34,0,NA,NA,NA,NA,NA,NA,NA,NA,NA,NA,TRUE,FALSE,00:00:06,52,52,0,NA,NA,NA,NA,NA,NA,NA,NA,NA,NA,117,2025-12-11T22:31:59Z,9,en,30496696,2025-12-11T21:36:37Z,2025-12-11T22:31:59Z,67d1c2ab7be66a6085721f6c,Yes,Yes,Yes,23,Male,NA,South Africa,NA,"Undergraduate degree (BSc., BA.)",1 to 2 years,SOMETIMES,OFTEN,SOMETIMES,SOMETIMES,OFTEN,SOMETIMES,SOMETIMES,OFTEN,RARELY,ALWAYS,OFTEN,OFTEN,Writing comments,COMPLETELY DISAGREE,SOMEHOW AGREE,COMPLETELY DISAGREE,No,No,No,Yes,No,AGREE,COMPLETELY DISAGREE,COMPLETELY DISAGREE,"My motivation to use GenAI is to enhance code quality because GenAI tools may often hignlight or spot potential problems like style inconsistencies, inefficiencies, or security vulnerabilities that I might overlook.",AGREE,COMPLETELY DISAGREE,DISAGREE,COMPLETELY AGREE,COMPLETELY AGREE,SOMEHOW AGREE,SOMEHOW AGREE,COMPLETELY DISAGREE,COMPLETELY AGREE,COMPLETELY AGREE,COMPLETELY AGREE,761528,YES,YES,I did follow the tool to do securty checks.,Very Likely,"The coding task was interesting and a little bit difficult. But it was nice doing the task, I hope to engage more in these kind of studies/tasks.",VERY HIGH,COMPLETELY AGREE,COMPLETELY AGREE,COMPLETELY AGREE,NEVER,RARELY,NEVER,COMPLETELY AGREE,COMPLETELY AGREE,SOMEHOW AGREE,DISAGREE,SOMEHOW AGREE,COMPLETELY DISAGREE,COMPLETELY AGREE,COMPLETELY AGREE,YES,NA,NA,3291.16,99.35,NA,NA,154.39,NA,NA,NA,NA,NA,NA,267.03,NA,NA,NA,NA,NA,NA,277.2,NA,NA,NA,NA,2199.24,NA,151.95,NA,NA,NA,NA,NA,97.17,NA,NA,NA,NA,NA,5.7,NA,39.13,NA,NA,0,3,1,0,1,0,1,0,0,0,0,0,0,0,0,0,0,5,1,1,2.3333333333333335,1,4,1,6,3,1,5,6,2,6,6,4,4,1,6,6,6,1,2,1,5,4,1,6,6,4,2,4,6,6,6,6,6,6,1,0.4,0,1,0.75,0,0.4666666666666666,0.5833333333333334,4.75,5.5,3.75,4.5,6,6,0.11666666666666675,0.75,0.75,0
6717a701fec39ffe22799038,87,A,3,0,TRUE,TRUE,00:01:50,30,34,4,0,0,0,0,0,0,0,NA,NA,NA,TRUE,FALSE,00:00:42,31,31,0,NA,NA,NA,NA,NA,NA,NA,NA,NA,NA,TRUE,FALSE,00:01:02,32,32,0,NA,NA,NA,NA,NA,NA,NA,NA,NA,NA,118,2025-12-12T12:22:37Z,9,en,1148284311,2025-12-12T12:07:14Z,2025-12-12T12:22:37Z,6717a701fec39ffe22799038,Yes,Yes,Yes,24,Male,NA,Greece,NA,"Graduate degree (MSc., Ph.D.)",1 to 2 years,RARELY,SOMETIMES,SOMETIMES,OFTEN,SOMETIMES,OFTEN,ALWAYS,OFTEN,OFTEN,ALWAYS,OFTEN,SOMETIMES,Improve architecture of software,DISAGREE,SOMEHOW AGREE,SOMEHOW AGREE,No,No,No,Yes,No,SOMEHOW AGREE,DISAGREE,AGREE,To improve productivity,AGREE,SOMEHOW DISAGREE,SOMEHOW AGREE,AGREE,AGREE,AGREE,AGREE,COMPLETELY AGREE,AGREE,AGREE,SOMEHOW AGREE,761528,NO,YES,"The tool was not helpful as is. I wanted to use it to generate a solution to the incomplete problem but i could not, it only reviewed already written code",Somewhat Unlikely,I would prefer the tool generated code instead of just reviewing it for security,ABOVE AVERAGE,AGREE,AGREE,SOMEHOW AGREE,RARELY,SOMETIMES,SOMETIMES,SOMEHOW AGREE,SOMEHOW AGREE,SOMEHOW AGREE,AGREE,AGREE,SOMEHOW DISAGREE,SOMEHOW AGREE,AGREE,YES,NA,NA,925.07,11.77,NA,NA,37.21,NA,NA,NA,NA,NA,NA,104.05,NA,NA,NA,NA,NA,NA,66.88,NA,NA,NA,NA,519.92,NA,76.55,NA,NA,NA,NA,NA,57.21,NA,NA,NA,NA,NA,31.33,NA,20.15,NA,NA,0,3,1,1,1,0,1,0,1,0,0,1,1,0,0,0,0,4,2,5,3.6666666666666665,2,4,4,5,3,4,5,4,4,5,5,5,5,6,5,5,4,2,3,3,4,3,3,4,4,4,5,5,4,4,5,5,5,4,0.8,0.4,0.6,0.75,0.5,0.5,0.6000000000000001,0.5833333333333334,4.5,4.5,5.25,4.25,4.666666666666667,4.666666666666667,-0.01666666666666672,0,-1,0
5f1c2f87a73eec487b58ad9a,88,A,3,0,TRUE,FALSE,00:00:05,31,31,0,NA,NA,NA,NA,NA,NA,NA,NA,NA,NA,TRUE,FALSE,00:00:48,35,35,0,NA,NA,NA,NA,NA,NA,NA,NA,NA,NA,TRUE,FALSE,00:00:08,36,36,0,NA,NA,NA,NA,NA,NA,NA,NA,NA,NA,119,2025-12-12T13:00:15Z,9,en,523874228,2025-12-12T12:40:42Z,2025-12-12T13:00:15Z,5f1c2f87a73eec487b58ad9a,Yes,Yes,Yes,25,Male,NA,Portugal,NA,"Undergraduate degree (BSc., BA.)",4 to 5 years,SOMETIMES,SOMETIMES,RARELY,OFTEN,SOMETIMES,SOMETIMES,NEVER,OFTEN,SOMETIMES,SOMETIMES,SOMETIMES,RARELY,Initial research on libraries,DISAGREE,DISAGREE,AGREE,No,No,No,Yes,No,SOMEHOW AGREE,DISAGREE,AGREE,Usefulness,SOMEHOW AGREE,DISAGREE,AGREE,AGREE,SOMEHOW AGREE,SOMEHOW DISAGREE,SOMEHOW DISAGREE,DISAGREE,SOMEHOW AGREE,SOMEHOW AGREE,SOMEHOW DISAGREE,761528,YES,YES,Did not affect the TODO code,Somewhat Likely,No comments,AVERAGE,SOMEHOW AGREE,SOMEHOW AGREE,SOMEHOW DISAGREE,SOMETIMES,SOMETIMES,SOMETIMES,SOMEHOW DISAGREE,SOMEHOW DISAGREE,SOMEHOW DISAGREE,DISAGREE,SOMEHOW AGREE,SOMEHOW DISAGREE,AGREE,AGREE,YES,NA,NA,1175.81,11.86,NA,NA,52.19,NA,NA,NA,NA,NA,NA,101.88,NA,NA,NA,NA,NA,NA,155.97,NA,NA,NA,NA,689.49,NA,71.75,NA,NA,NA,NA,NA,65.25,NA,NA,NA,NA,NA,12.81,NA,14.61,NA,NA,0,3,1,0,1,0,1,0,0,0,0,0,0,0,0,0,0,4,2,5,3.6666666666666665,2,2,5,5,5,5,4,5,5,5,4,3,3,2,4,4,3,3,3,3,3,3,3,3,3,3,2,4,4,5,5,4,4,3,0.8,0.8,0.8,0.5,0.5,0.5,0.8000000000000002,0.5,4.75,4.5,3,2.75,3.6666666666666665,3.6666666666666665,-0.30000000000000016,-0.25,-0.25,0
65f45a87d68ec9b74898401d,89,A,3,0,TRUE,FALSE,00:00:06,30,30,0,NA,NA,NA,NA,NA,NA,NA,NA,NA,NA,TRUE,FALSE,00:00:19,29,29,0,NA,NA,NA,NA,NA,NA,NA,NA,NA,NA,TRUE,FALSE,00:00:33,35,35,0,NA,NA,NA,NA,NA,NA,NA,NA,NA,NA,120,2025-12-12T17:54:55Z,9,en,1961689347,2025-12-12T17:37:56Z,2025-12-12T17:54:55Z,65f45a87d68ec9b74898401d,Yes,Yes,Yes,25,Male,NA,India,NA,"Undergraduate degree (BSc., BA.)",1 to 2 years,OFTEN,OFTEN,OFTEN,ALWAYS,OFTEN,OFTEN,SOMETIMES,OFTEN,OFTEN,SOMETIMES,SOMETIMES,SOMETIMES,Improving code complexities,SOMEHOW AGREE,AGREE,AGREE,No,No,No,Yes,No,SOMEHOW AGREE,AGREE,AGREE,About testing new features.,AGREE,AGREE,COMPLETELY AGREE,COMPLETELY AGREE,COMPLETELY AGREE,COMPLETELY AGREE,AGREE,COMPLETELY AGREE,AGREE,COMPLETELY AGREE,SOMEHOW AGREE,761528,NO,YES,I followed to check for any issues to correct the code.,Likely,Good survey!,AVERAGE,AGREE,SOMEHOW AGREE,SOMEHOW AGREE,RARELY,OFTEN,OFTEN,SOMEHOW AGREE,AGREE,AGREE,AGREE,SOMEHOW AGREE,SOMEHOW AGREE,AGREE,AGREE,YES,NA,NA,1022.94,12.52,NA,NA,36.04,NA,NA,NA,NA,NA,NA,78.94,NA,NA,NA,NA,NA,NA,49.17,NA,NA,NA,NA,735.4,NA,46.47,NA,NA,NA,NA,NA,24.63,NA,NA,NA,NA,NA,13.8,NA,25.97,NA,NA,0,3,1,0,1,0,1,0,0,0,0,0,0,0,0,0,0,4,5,5,4.666666666666667,4,5,5,3,2,5,5,2,6,6,6,6,5,6,5,6,4,2,4,4,4,2,4,4,5,5,5,4,3,5,5,5,4,4,0.4,0.2,0.8,0.75,0.25,0.75,0.46666666666666673,0.5833333333333334,4.75,4.25,5.75,4.75,5,4.333333333333333,0.11666666666666664,-0.5,-1,-0.666666666666667
67e7cdfb2d3c81d83ccef700,90,A,2,1,FALSE,FALSE,NA,31,31,0,NA,NA,NA,NA,NA,NA,NA,NA,NA,NA,TRUE,FALSE,00:00:13,29,29,0,NA,NA,NA,NA,NA,NA,NA,NA,NA,NA,TRUE,FALSE,00:01:20,31,31,0,NA,NA,NA,NA,NA,NA,NA,NA,NA,NA,121,2025-12-13T15:10:57Z,9,en,542406048,2025-12-13T14:47:25Z,2025-12-13T15:10:56Z,67e7cdfb2d3c81d83ccef700,Yes,Yes,Yes,55,Male,NA,United Kingdom of Great Britain and Northern Ireland,NA,"Undergraduate degree (BSc., BA.)",4 to 5 years,SOMETIMES,OFTEN,SOMETIMES,OFTEN,RARELY,ALWAYS,OFTEN,ALWAYS,ALWAYS,ALWAYS,ALWAYS,ALWAYS,quick sanity checks on logic,DISAGREE,SOMEHOW AGREE,AGREE,No,No,No,Yes,No,AGREE,SOMEHOW DISAGREE,AGREE,It can speed up routine work and help me get unstuck more quickly,AGREE,DISAGREE,AGREE,AGREE,AGREE,AGREE,AGREE,SOMEHOW DISAGREE,COMPLETELY AGREE,COMPLETELY AGREE,COMPLETELY AGREE,761528,NO,YES,"I completed the missing code exactly as requested, keeping it simple and functional while being aware of the security implications.",Somewhat Likely,"The security warnings were informative, though I focused on completing the tasks as intended.",AVERAGE,COMPLETELY AGREE,COMPLETELY AGREE,COMPLETELY AGREE,RARELY,SOMETIMES,OFTEN,AGREE,AGREE,AGREE,COMPLETELY AGREE,AGREE,DISAGREE,AGREE,AGREE,YES,NA,NA,1413.91,49.51,NA,NA,55.34,NA,NA,NA,NA,NA,NA,103.28,NA,NA,NA,NA,NA,NA,101.95,NA,NA,NA,NA,933.57,NA,83.58,NA,NA,NA,NA,NA,61.85,NA,NA,NA,NA,NA,14.83,NA,10,NA,NA,0,2,0,0,1,0,1,0,0,0,0,0,0,0,0,0,0,5,3,5,4.333333333333333,2,4,5,5,3,5,5,5,5,5,5,5,5,3,6,6,6,2,3,4,4,3,4,5,5,5,6,5,5,5,5,6,6,6,0.8,0.4,0.8,0.75,0.5,0.75,0.6666666666666666,0.6666666666666666,5,5,4.5,5.25,6,6,0,0,0.75,0
5f61371454efa10bdcfc588d,91,B,3,0,TRUE,FALSE,00:00:12,28,28,0,NA,NA,NA,NA,NA,NA,NA,NA,NA,NA,TRUE,FALSE,00:00:05,28,28,0,NA,NA,NA,NA,NA,NA,NA,NA,NA,NA,TRUE,FALSE,00:00:05,29,29,0,NA,NA,NA,NA,NA,NA,NA,NA,NA,NA,122,2025-12-14T15:32:43Z,9,en,570787098,2025-12-14T15:16:33Z,2025-12-14T15:32:43Z,5f61371454efa10bdcfc588d,Yes,Yes,Yes,65,Male,NA,United Kingdom of Great Britain and Northern Ireland,NA,"Undergraduate degree (BSc., BA.)",> 5 years,NEVER,NEVER,NEVER,NEVER,NEVER,SOMETIMES,RARELY,NEVER,RARELY,NEVER,SOMETIMES,NEVER,programming language conversion,SOMEHOW AGREE,SOMEHOW AGREE,DISAGREE,No,No,No,Yes,No,SOMEHOW AGREE,COMPLETELY DISAGREE,COMPLETELY DISAGREE,none,COMPLETELY AGREE,COMPLETELY DISAGREE,COMPLETELY DISAGREE,COMPLETELY AGREE,AGREE,SOMEHOW AGREE,SOMEHOW DISAGREE,COMPLETELY DISAGREE,SOMEHOW AGREE,SOMEHOW AGREE,SOMEHOW AGREE,761528,YES,YES,Chose ti run the tool as an additional check,Very Likely,none,ABOVE AVERAGE,SOMEHOW AGREE,SOMEHOW AGREE,SOMEHOW AGREE,SOMETIMES,OFTEN,NEVER,SOMEHOW AGREE,SOMEHOW AGREE,SOMEHOW DISAGREE,COMPLETELY DISAGREE,COMPLETELY AGREE,COMPLETELY DISAGREE,COMPLETELY DISAGREE,COMPLETELY AGREE,YES,NA,NA,973.39,8.76,NA,NA,38.81,NA,NA,NA,NA,NA,NA,68.52,NA,NA,NA,NA,NA,NA,48.23,NA,NA,NA,NA,690.64,NA,43.62,NA,NA,NA,NA,NA,46.83,NA,NA,NA,NA,NA,13.38,NA,14.6,NA,NA,1,3,1,0,1,0,1,0,0,0,0,0,0,0,0,0,0,4,1,1,2,4,4,2,3,3,2,6,6,1,6,5,4,3,1,4,4,4,3,4,1,3,2,1,4,4,3,1,6,6,1,6,4,4,4,0.4,0.4,0.2,0.5,0.25,0,0.3333333333333333,0.25,4.75,4.75,3.25,3,4,4,-0.08333333333333331,0,-0.25,0
6658e797b169774877e72acb,93,B,3,0,TRUE,FALSE,00:00:04,33,33,0,NA,NA,NA,NA,NA,NA,NA,NA,NA,NA,TRUE,FALSE,00:00:33,34,34,0,NA,NA,NA,NA,NA,NA,NA,NA,NA,NA,TRUE,FALSE,00:00:43,32,32,0,NA,NA,NA,NA,NA,NA,NA,NA,NA,NA,124,2025-12-14T23:06:54Z,9,en,1238878062,2025-12-14T22:45:45Z,2025-12-14T23:06:54Z,6658e797b169774877e72acb,Yes,Yes,Yes,33,Female,NA,United Kingdom of Great Britain and Northern Ireland,NA,"Undergraduate degree (BSc., BA.)",> 5 years,RARELY,SOMETIMES,SOMETIMES,SOMETIMES,RARELY,OFTEN,SOMETIMES,SOMETIMES,OFTEN,OFTEN,SOMETIMES,SOMETIMES,For learning any new framework,SOMEHOW DISAGREE,AGREE,DISAGREE,No,No,No,Yes,No,AGREE,DISAGREE,SOMEHOW AGREE,Gen AI helps me learn faster by providing instant feedback and explanations.,SOMEHOW AGREE,DISAGREE,AGREE,AGREE,AGREE,SOMEHOW AGREE,SOMEHOW AGREE,SOMEHOW AGREE,AGREE,AGREE,SOMEHOW AGREE,761528,YES,YES,Because I felt that my code was fine and my solution worked,Somewhat Likely,Interesting study.,ABOVE AVERAGE,AGREE,AGREE,SOMEHOW AGREE,SOMETIMES,OFTEN,RARELY,AGREE,SOMEHOW AGREE,SOMEHOW AGREE,SOMEHOW AGREE,SOMEHOW AGREE,DISAGREE,AGREE,AGREE,YES,NA,NA,1272.7,10.91,NA,NA,128.62,NA,NA,NA,NA,NA,NA,141.56,NA,NA,NA,NA,NA,NA,119.87,NA,NA,NA,NA,677.52,NA,85.8,NA,NA,NA,NA,NA,75.64,NA,NA,NA,NA,NA,24.22,NA,8.56,NA,NA,1,3,1,0,1,0,1,0,0,0,0,0,0,0,0,0,0,5,2,4,3.6666666666666665,3,5,2,4,2,2,4,5,5,5,5,4,4,4,5,5,4,3,4,2,3,2,2,5,4,4,4,4,5,5,5,5,5,4,0.6,0.2,0.2,0.5,0.25,0.25,0.3333333333333333,0.3333333333333333,4.75,4.75,4.25,4.25,4.666666666666667,4.666666666666667,0,0,0,0
60baef9aa0cb140b69d72f5a,94,B,3,0,TRUE,FALSE,00:00:04,29,29,0,NA,NA,NA,NA,NA,NA,NA,NA,NA,NA,TRUE,TRUE,00:01:58,28,26,-2,0,0,0,0,0,0,-1,B311,blacklist,fixed,TRUE,FALSE,00:00:07,38,38,0,NA,NA,NA,NA,NA,NA,NA,NA,NA,NA,125,2025-12-15T02:16:29Z,9,en,1914932451,2025-12-15T01:49:59Z,2025-12-15T02:16:29Z,60baef9aa0cb140b69d72f5a,Yes,Yes,Yes,34,Male,NA,Portugal,NA,"Undergraduate degree (BSc., BA.)",> 5 years,RARELY,OFTEN,RARELY,ALWAYS,RARELY,SOMETIMES,OFTEN,SOMETIMES,SOMETIMES,OFTEN,SOMETIMES,OFTEN,nope,SOMEHOW AGREE,AGREE,DISAGREE,No,Yes,No,No,No,DISAGREE,SOMEHOW AGREE,SOMEHOW AGREE,It's faster than waiting for coworkers or others to input their feedback on the work,SOMEHOW AGREE,SOMEHOW DISAGREE,SOMEHOW AGREE,AGREE,SOMEHOW DISAGREE,SOMEHOW DISAGREE,DISAGREE,DISAGREE,AGREE,AGREE,AGREE,761528,YES,YES,It felt reassuring,Likely,I liked it!,AVERAGE,AGREE,AGREE,SOMEHOW AGREE,SOMETIMES,SOMETIMES,RARELY,SOMEHOW AGREE,SOMEHOW DISAGREE,SOMEHOW DISAGREE,DISAGREE,AGREE,SOMEHOW DISAGREE,AGREE,AGREE,YES,NA,NA,799.23,12.16,NA,NA,144.39,NA,NA,NA,NA,NA,NA,324.86,NA,NA,NA,NA,NA,NA,139.63,NA,NA,NA,NA,6.31,NA,30.45,NA,NA,NA,NA,NA,104.16,NA,NA,NA,NA,NA,26.89,NA,10.38,NA,NA,1,3,1,0,1,1,1,0,0,1,0,1,1,0,0,0,-1,2,4,4,3.3333333333333335,4,5,2,3,2,2,4,4,4,5,3,3,2,2,5,5,5,3,3,2,3,3,2,4,3,3,2,5,4,5,5,5,5,4,0.4,0.2,0.2,0.5,0.5,0.25,0.26666666666666666,0.4166666666666667,4.25,4.75,2.5,3,5,4.666666666666667,0.15000000000000002,0.5,0.5,-0.33333333333333304
566ae5587da0350012b50b13,96,B,3,0,TRUE,TRUE,00:01:41,38,43,5,0,0,0,0,0,0,0,NA,NA,NA,TRUE,FALSE,00:00:18,36,36,0,NA,NA,NA,NA,NA,NA,NA,NA,NA,NA,TRUE,FALSE,00:00:24,61,61,0,NA,NA,NA,NA,NA,NA,NA,NA,NA,NA,127,2025-12-15T11:33:18Z,9,en,2011340600,2025-12-15T11:19:10Z,2025-12-15T11:33:18Z,566ae5587da0350012b50b13,Yes,Yes,Yes,42,Male,NA,United Kingdom of Great Britain and Northern Ireland,NA,"Undergraduate degree (BSc., BA.)",> 5 years,NEVER,RARELY,NEVER,NEVER,NEVER,OFTEN,OFTEN,NEVER,NEVER,NEVER,RARELY,RARELY,Helping to write simple algorithms.66,DISAGREE,DISAGREE,SOMEHOW DISAGREE,No,No,No,Yes,No,SOMEHOW AGREE,DISAGREE,SOMEHOW DISAGREE,6Speed,AGREE,DISAGREE,AGREE,COMPLETELY AGREE,AGREE,AGREE,AGREE,AGREE,COMPLETELY AGREE,COMPLETELY AGREE,COMPLETELY AGREE,761528,YES,YES,Only when it was high on both,Likely,None,BELOW AVERAGE,COMPLETELY AGREE,COMPLETELY AGREE,COMPLETELY AGREE,RARELY,RARELY,RARELY,AGREE,AGREE,AGREE,AGREE,AGREE,DISAGREE,AGREE,COMPLETELY AGREE,YES,NA,NA,850.57,4.35,NA,NA,35.54,NA,NA,NA,NA,NA,NA,103.05,NA,NA,NA,NA,NA,NA,52.43,NA,NA,NA,NA,523,NA,27.03,NA,NA,NA,NA,NA,69.52,NA,NA,NA,NA,NA,15.27,NA,20.38,NA,NA,1,3,1,1,1,0,1,0,1,0,0,1,1,0,0,0,0,4,2,3,3,2,2,3,5,5,3,5,5,5,6,5,5,5,5,6,6,6,2,2,2,4,4,2,5,5,5,5,5,5,5,6,6,6,6,0.8,0.8,0.4,0.75,0.75,0.25,0.6666666666666666,0.5833333333333334,5.25,5.25,5,5,6,6,-0.08333333333333326,0,0,0
647d94be8426dcb4838d8f73,98,A,2,1,TRUE,FALSE,00:00:43,38,38,0,NA,NA,NA,NA,NA,NA,NA,NA,NA,NA,TRUE,FALSE,00:00:57,41,41,0,NA,NA,NA,NA,NA,NA,NA,NA,NA,NA,FALSE,FALSE,NA,31,31,0,NA,NA,NA,NA,NA,NA,NA,NA,NA,NA,129,2025-12-16T14:53:29Z,9,en,1124279976,2025-12-16T14:34:45Z,2025-12-16T14:53:29Z,647d94be8426dcb4838d8f73,Yes,Yes,Yes,31,Male,NA,Belgium,NA,"Graduate degree (MSc., Ph.D.)",> 5 years,NEVER,SOMETIMES,NEVER,RARELY,NEVER,OFTEN,OFTEN,RARELY,RARELY,OFTEN,SOMETIMES,RARELY,Discussion partner to investigate possible approaches or solutions.,DISAGREE,AGREE,DISAGREE,No,Yes,No,Yes,No,AGREE,DISAGREE,SOMEHOW DISAGREE,I feel more productive.,SOMEHOW AGREE,DISAGREE,AGREE,AGREE,AGREE,COMPLETELY DISAGREE,DISAGREE,DISAGREE,AGREE,COMPLETELY AGREE,SOMEHOW AGREE,761528,YES,YES,"The recommendation was not relevant for the code I had to modify. Reviewing the other code, should be done in another task.",Likely,No further thoughts.,AVERAGE,AGREE,AGREE,SOMEHOW DISAGREE,SOMETIMES,OFTEN,SOMETIMES,SOMEHOW AGREE,DISAGREE,COMPLETELY DISAGREE,COMPLETELY DISAGREE,AGREE,DISAGREE,AGREE,AGREE,YES,NA,NA,1127.27,25.93,NA,NA,53.29,NA,NA,NA,NA,NA,NA,148.22,NA,NA,NA,NA,NA,NA,98.75,NA,NA,NA,NA,568.68,NA,112.15,NA,NA,NA,NA,NA,76.12,NA,NA,NA,NA,NA,30.12,NA,14.01,NA,NA,0,2,1,0,1,0,0,0,0,0,0,0,0,0,0,0,0,5,2,3,3.3333333333333335,2,5,2,5,2,2,4,5,5,5,5,1,2,2,5,6,4,3,4,3,3,2,3,4,2,1,1,5,5,5,5,5,5,3,0.8,0.2,0.2,0.5,0.25,0.5,0.39999999999999997,0.4166666666666667,4.75,5,2.5,2,5,4.333333333333333,0.01666666666666672,0.25,-0.5,-0.666666666666667
6869318f8be1d4ab8cabb66f,100,A,1,2,TRUE,FALSE,00:02:19,32,32,0,NA,NA,NA,NA,NA,NA,NA,NA,NA,NA,FALSE,FALSE,NA,36,36,0,NA,NA,NA,NA,NA,NA,NA,NA,NA,NA,FALSE,FALSE,NA,31,31,0,NA,NA,NA,NA,NA,NA,NA,NA,NA,NA,131,NA,8,en,1905167839,2025-12-17T01:11:13Z,2025-12-17T01:42:15Z,6869318f8be1d4ab8cabb66f,Yes,Yes,Yes,26,Female,NA,Australia,NA,"Undergraduate degree (BSc., BA.)",3 to 4 years,SOMETIMES,OFTEN,OFTEN,ALWAYS,OFTEN,SOMETIMES,OFTEN,OFTEN,SOMETIMES,OFTEN,OFTEN,SOMETIMES,Getting a summary for my code,SOMEHOW AGREE,AGREE,SOMEHOW AGREE,No,No,No,Yes,No,SOMEHOW AGREE,AGREE,AGREE,I use it to help me get a structure of what i need to do and what format i will be using .,SOMEHOW AGREE,AGREE,SOMEHOW AGREE,AGREE,SOMEHOW AGREE,AGREE,AGREE,SOMEHOW AGREE,AGREE,AGREE,AGREE,761528,NO,YES,I saw the error way before iso i did not find the need for the code,Very Likely,This was interesting thank you,BELOW AVERAGE,SOMEHOW AGREE,AGREE,AGREE,SOMETIMES,SOMETIMES,OFTEN,AGREE,SOMEHOW AGREE,AGREE,SOMEHOW AGREE,SOMEHOW AGREE,AGREE,COMPLETELY AGREE,AGREE,YES,NA,NA,1860.13,16.21,NA,NA,95.81,NA,NA,NA,NA,NA,NA,108.81,NA,NA,NA,NA,NA,NA,192.11,NA,NA,NA,NA,1278.93,NA,130.32,NA,NA,NA,NA,NA,31.05,NA,NA,NA,NA,NA,6.89,NA,NA,NA,NA,0,1,1,0,0,0,0,0,0,0,0,0,0,0,0,0,0,4,5,5,4.666666666666667,4,5,4,3,2,4,4,2,4,5,4,5,5,4,5,5,5,3,3,4,3,3,4,5,4,5,4,4,2,6,5,4,5,5,0.4,0.2,0.6,0.5,0.5,0.75,0.4000000000000001,0.5833333333333334,3.75,4.25,4.5,4.5,5,4.666666666666667,0.1833333333333333,0.5,0,-0.33333333333333304
65a7f794e124362a1ae7b3d9,101,A,3,0,TRUE,FALSE,00:00:06,32,32,0,NA,NA,NA,NA,NA,NA,NA,NA,NA,NA,TRUE,FALSE,00:00:04,21,21,0,NA,NA,NA,NA,NA,NA,NA,NA,NA,NA,TRUE,TRUE,00:02:14,31,39,8,3,0,0,3,-1,0,2,"B404,B602,B603","blacklist,subprocess_popen_with_shell_equals_true,subprocess_without_shell_equals_true","common,fixed,new",136,2025-12-20T02:53:23Z,9,en,682726809,2025-12-20T02:16:15Z,2025-12-20T02:53:23Z,65a7f794e124362a1ae7b3d9,Yes,Yes,Yes,25,Female,NA,Mexico,NA,"Undergraduate degree (BSc., BA.)",2 to 3 years,RARELY,RARELY,RARELY,SOMETIMES,SOMETIMES,RARELY,SOMETIMES,RARELY,RARELY,SOMETIMES,RARELY,SOMETIMES,NA,SOMEHOW DISAGREE,SOMEHOW AGREE,SOMEHOW DISAGREE,No,No,No,Yes,No,AGREE,SOMEHOW DISAGREE,AGREE,To understand what feeds the LLMs,SOMEHOW AGREE,DISAGREE,SOMEHOW DISAGREE,AGREE,SOMEHOW AGREE,SOMEHOW DISAGREE,DISAGREE,DISAGREE,AGREE,AGREE,AGREE,761528,YES,YES,I followed it because I inferred that it was necessary for a good application design,Likely,I don't quite get if this is still a prototype or this is thought for the final tool but I would rather have the application have a vibe coding approach to feel more engaged and involved with the learning process of the tool for detecting annomalies.,BELOW AVERAGE,AGREE,AGREE,AGREE,SOMETIMES,SOMETIMES,RARELY,SOMEHOW DISAGREE,SOMEHOW DISAGREE,SOMEHOW DISAGREE,SOMEHOW DISAGREE,AGREE,SOMEHOW DISAGREE,SOMEHOW DISAGREE,AGREE,YES,NA,NA,2232.76,63.2,NA,NA,45.53,NA,NA,NA,NA,NA,NA,72.79,NA,NA,NA,NA,NA,NA,67.53,NA,NA,NA,NA,1521.79,NA,342.63,NA,NA,NA,NA,NA,62.12,NA,NA,NA,NA,NA,50.19,NA,6.98,NA,NA,0,3,1,0,1,0,1,1,0,0,1,1,1,3,-1,0,2,5,3,5,4.333333333333333,3,4,3,4,3,3,4,5,3,5,4,3,2,2,5,5,5,3,3,2,3,3,2,3,3,3,3,5,4,3,5,5,5,5,0.6,0.4,0.4,0.5,0.5,0.25,0.4666666666666666,0.4166666666666667,4.25,4.25,2.75,3,5,5,-0.04999999999999993,0,0.25,0
654e3926a9f47dd3e0bd5471,103,B,3,0,TRUE,TRUE,00:01:18,34,37,3,0,0,0,0,0,0,0,NA,NA,NA,TRUE,FALSE,00:00:35,29,29,0,NA,NA,NA,NA,NA,NA,NA,NA,NA,NA,TRUE,TRUE,00:03:10,40,54,14,4,0,0,4,-1,0,3,"B105,B404,B602,B603","hardcoded_password_string,blacklist,subprocess_popen_with_shell_equals_true,subprocess_without_shell_equals_true","new,common,fixed,new",138,2025-12-21T16:40:58Z,9,en,1220809323,2025-12-21T16:14:44Z,2025-12-21T16:40:58Z,654e3926a9f47dd3e0bd5471,Yes,Yes,Yes,34,Male,NA,United Kingdom of Great Britain and Northern Ireland,NA,"Graduate degree (MSc., Ph.D.)",> 5 years,RARELY,OFTEN,OFTEN,OFTEN,RARELY,OFTEN,OFTEN,OFTEN,OFTEN,OFTEN,OFTEN,ALWAYS,Handling merge conflicts on source version control,DISAGREE,SOMEHOW DISAGREE,SOMEHOW DISAGREE,No,No,No,Yes,No,AGREE,SOMEHOW DISAGREE,SOMEHOW AGREE,In order to learn new concepts quickly,AGREE,DISAGREE,AGREE,AGREE,AGREE,AGREE,AGREE,AGREE,AGREE,AGREE,AGREE,761528,YES,YES,"The suggestions given by the tool, were good suggestions and included suggestions I would not have though before as security vulnerabilities.",Likely,The tools was very quick in checking the code for vulnerabilities. It would be good to get more documentation on links to the vulnerabilities such as CVSS links which explain the mechanisms behind the vulnerabilities.,AVERAGE,AGREE,AGREE,AGREE,RARELY,SOMETIMES,SOMETIMES,SOMEHOW AGREE,SOMEHOW AGREE,SOMEHOW AGREE,SOMEHOW AGREE,AGREE,DISAGREE,AGREE,AGREE,YES,NA,NA,1577.45,9.42,NA,NA,40.79,NA,NA,NA,NA,NA,NA,69.33,NA,NA,NA,NA,NA,NA,42.64,NA,NA,NA,NA,1177.22,NA,147.65,NA,NA,NA,NA,NA,48.85,NA,NA,NA,NA,NA,27.1,NA,14.45,NA,NA,1,3,1,1,1,0,1,1,1,0,1,2,1,4,-1,0,3,5,3,4,4,2,3,3,5,4,3,5,5,5,5,5,5,5,5,5,5,5,2,3,3,4,3,3,4,4,4,4,5,5,5,5,5,5,5,0.8,0.6,0.4,0.75,0.5,0.5,0.6,0.5833333333333334,5,5,5,4,5,5,-0.016666666666666607,0,-1,0
610af0eb860dfb6aeb567a49,104,B,3,0,TRUE,FALSE,00:00:18,33,33,0,NA,NA,NA,NA,NA,NA,NA,NA,NA,NA,TRUE,FALSE,00:00:05,17,17,0,NA,NA,NA,NA,NA,NA,NA,NA,NA,NA,TRUE,TRUE,00:02:05,38,45,7,3,0,0,3,-1,0,2,"B404,B602,B603","blacklist,subprocess_popen_with_shell_equals_true,subprocess_without_shell_equals_true","common,fixed,new",141,2025-12-21T18:43:39Z,9,en,381579815,2025-12-21T18:30:02Z,2025-12-21T18:43:39Z,610af0eb860dfb6aeb567a49,Yes,Yes,Yes,27,Male,NA,Czech Republic,NA,"Graduate degree (MSc., Ph.D.)",2 to 3 years,OFTEN,ALWAYS,ALWAYS,NEVER,OFTEN,OFTEN,ALWAYS,RARELY,RARELY,OFTEN,SOMETIMES,ALWAYS,no,COMPLETELY DISAGREE,SOMEHOW AGREE,COMPLETELY DISAGREE,No,No,No,Yes,No,COMPLETELY AGREE,COMPLETELY DISAGREE,SOMEHOW AGREE,Finding unique tool to use in specific way,COMPLETELY AGREE,COMPLETELY DISAGREE,COMPLETELY DISAGREE,COMPLETELY AGREE,SOMEHOW AGREE,COMPLETELY DISAGREE,DISAGREE,COMPLETELY DISAGREE,COMPLETELY AGREE,COMPLETELY AGREE,SOMEHOW AGREE,761528,YES,YES,In last task not using secrets for ID. Otherwise I was not much rewriting created code..,Very Likely,Nothing specific on my mind.,ABOVE AVERAGE,COMPLETELY AGREE,COMPLETELY AGREE,SOMEHOW AGREE,NEVER,OFTEN,RARELY,SOMEHOW AGREE,COMPLETELY DISAGREE,COMPLETELY DISAGREE,COMPLETELY DISAGREE,COMPLETELY AGREE,COMPLETELY DISAGREE,COMPLETELY DISAGREE,COMPLETELY AGREE,YES,NA,NA,820.37,11.72,NA,NA,42.01,NA,NA,NA,NA,NA,NA,75.74,NA,NA,NA,NA,NA,NA,76.17,NA,NA,NA,NA,459.68,NA,68.76,NA,NA,NA,NA,NA,53.27,NA,NA,NA,NA,NA,20.51,NA,12.51,NA,NA,1,3,1,0,1,0,1,1,0,0,1,1,1,3,-1,0,2,6,1,4,3.6666666666666665,1,4,1,6,3,1,6,6,1,6,4,1,2,1,6,6,4,1,4,2,5,2,2,4,1,1,1,6,6,1,6,6,6,4,1,0.4,0,1,0.25,0.25,0.4666666666666666,0.5,4.75,4.75,2,1.75,5.333333333333333,5.333333333333333,0.03333333333333338,0,-0.25,0
6521569441baced19add37ca,107,B,3,0,TRUE,FALSE,00:00:06,35,35,0,NA,NA,NA,NA,NA,NA,NA,NA,NA,NA,TRUE,FALSE,00:00:04,49,49,0,NA,NA,NA,NA,NA,NA,NA,NA,NA,NA,TRUE,TRUE,00:03:14,33,33,0,2,0,0,2,-1,0,1,"B404,B602,B603","blacklist,subprocess_popen_with_shell_equals_true,subprocess_without_shell_equals_true","common,fixed,new",145,2026-01-10T15:44:09Z,9,en,1539561648,2026-01-10T15:25:27Z,2026-01-10T15:44:09Z,6521569441baced19add37ca,Yes,Yes,Yes,28,Male,NA,Italy,NA,"Undergraduate degree (BSc., BA.)",1 to 2 years,OFTEN,SOMETIMES,OFTEN,NEVER,SOMETIMES,OFTEN,OFTEN,OFTEN,OFTEN,OFTEN,OFTEN,OFTEN,"planning, researching",COMPLETELY DISAGREE,DISAGREE,SOMEHOW DISAGREE,No,No,No,Yes,No,AGREE,AGREE,AGREE,it is faster than any other coding,AGREE,DISAGREE,COMPLETELY DISAGREE,COMPLETELY DISAGREE,COMPLETELY AGREE,AGREE,SOMEHOW AGREE,DISAGREE,AGREE,AGREE,AGREE,761528,YES,YES,there were some security breaches,Likely,there are not any. Btw making an optional input box required is criminal :/,AVERAGE,AGREE,AGREE,AGREE,OFTEN,OFTEN,OFTEN,AGREE,AGREE,AGREE,AGREE,AGREE,AGREE,AGREE,AGREE,YES,NA,NA,1124.41,6.64,NA,NA,53.28,NA,NA,NA,NA,NA,NA,72.82,NA,NA,NA,NA,NA,NA,84.51,NA,NA,NA,NA,756.99,NA,103.85,NA,NA,NA,NA,NA,32.1,NA,NA,NA,NA,NA,5.87,NA,8.35,NA,NA,1,3,1,0,1,0,1,1,0,0,1,1,1,2,-1,0,1,5,5,5,5,1,2,3,6,5,3,5,5,1,1,6,5,4,2,5,5,5,4,4,4,2,2,4,5,5,5,5,5,2,5,5,5,5,5,1,0.8,0.4,0.25,0.25,0.75,0.7333333333333334,0.4166666666666667,3,4.25,4.25,5,5,5,-0.3166666666666667,1.25,0.75,0
6563514258fc1a6958660b37,108,B,3,0,TRUE,TRUE,00:00:18,36,36,0,0,0,0,0,0,0,0,NA,NA,NA,TRUE,TRUE,00:00:17,34,38,4,0,0,0,0,0,0,-1,B311,blacklist,fixed,TRUE,TRUE,00:00:39,36,40,4,3,0,0,3,-1,0,2,"B404,B602,B603","blacklist,subprocess_popen_with_shell_equals_true,subprocess_without_shell_equals_true","common,fixed,new",146,2026-01-10T15:45:29Z,9,en,260421935,2026-01-10T15:29:29Z,2026-01-10T15:45:29Z,6563514258fc1a6958660b37,Yes,Yes,Yes,22,Male,NA,Netherlands,NA,"Undergraduate degree (BSc., BA.)",> 5 years,OFTEN,OFTEN,SOMETIMES,ALWAYS,OFTEN,ALWAYS,ALWAYS,SOMETIMES,ALWAYS,OFTEN,OFTEN,SOMETIMES,Review code before implementing it.,COMPLETELY DISAGREE,AGREE,SOMEHOW AGREE,No,No,No,Yes,No,COMPLETELY AGREE,COMPLETELY DISAGREE,AGREE,Saving time and do things that you could not do normally with your knowledge.,AGREE,COMPLETELY DISAGREE,SOMEHOW AGREE,COMPLETELY AGREE,COMPLETELY AGREE,COMPLETELY AGREE,AGREE,COMPLETELY AGREE,COMPLETELY AGREE,COMPLETELY AGREE,COMPLETELY AGREE,761528,YES,YES,I followed them because they are highlighting security problems in my code and that is amazing.,Very Likely,"I didn't know this exists, and it is amazing to use. Thanks a lot.",ABOVE AVERAGE,COMPLETELY AGREE,COMPLETELY AGREE,COMPLETELY AGREE,NEVER,OFTEN,ALWAYS,COMPLETELY AGREE,COMPLETELY AGREE,AGREE,COMPLETELY AGREE,COMPLETELY AGREE,COMPLETELY DISAGREE,AGREE,COMPLETELY AGREE,YES,NA,NA,964.21,7.09,NA,NA,44.21,NA,NA,NA,NA,NA,NA,487.5,NA,NA,NA,NA,NA,NA,53.9,NA,NA,NA,NA,268.82,NA,35.88,NA,NA,NA,NA,NA,51.59,NA,NA,NA,NA,NA,7.47,NA,7.75,NA,NA,1,3,1,1,1,1,1,1,1,1,1,3,1,3,-1,0,1,6,1,5,4,1,5,4,6,2,4,5,6,4,6,6,6,5,6,6,6,6,1,4,5,5,2,5,6,6,5,6,6,6,5,6,6,6,6,1,0.2,0.6,1,0.25,1,0.6,0.75,5.25,5.75,5.75,5.75,6,6,0.15000000000000002,0.5,0,0
665f58b57749126beb1be1e6,109,A,3,0,TRUE,TRUE,00:01:03,30,39,9,0,0,0,0,0,0,0,NA,NA,NA,TRUE,TRUE,00:06:39,29,39,10,0,0,0,0,0,0,-1,B311,blacklist,fixed,TRUE,FALSE,00:00:06,39,39,0,NA,NA,NA,NA,NA,NA,NA,NA,NA,NA,148,2026-01-10T18:57:43Z,9,en,745767792,2026-01-10T18:15:05Z,2026-01-10T18:57:43Z,665f58b57749126beb1be1e6,Yes,Yes,Yes,22,Male,NA,Kenya,NA,"Undergraduate degree (BSc., BA.)",3 to 4 years,SOMETIMES,SOMETIMES,SOMETIMES,OFTEN,ALWAYS,SOMETIMES,NEVER,SOMETIMES,SOMETIMES,RARELY,RARELY,SOMETIMES,I also use GenAI coding tools in clarifying theoretical concepts and translating pseudocode into executable programs.,DISAGREE,COMPLETELY AGREE,SOMEHOW DISAGREE,No,No,No,Yes,No,COMPLETELY AGREE,COMPLETELY DISAGREE,COMPLETELY AGREE,"I am motivated to use GenAI technologies because they facilitate efficient problem decomposition, expose me to alternative solution strategies, and support the validation of my own reasoning.",AGREE,COMPLETELY DISAGREE,AGREE,COMPLETELY AGREE,AGREE,AGREE,AGREE,SOMEHOW AGREE,COMPLETELY AGREE,COMPLETELY AGREE,AGREE,761528,YES,YES,"Okay, so basically what I did here was I fixed the exact problem the security tool pointed out, but I didn't go all the way in cleaning everything up.

The tool was telling me, ""Hey, using random.randint() for session IDs is not safe—attackers could potentially predict those numbers."" So I listened and swapped it out for secrets.randbits(), which is way more secure.

But here's the thing: the original code also had this seed_random() function that mixes the current time with some extra numbers to ""seed"" the random generator. Honestly, that's also not great for security—time is predictable—but the instructions literally said the program should do that. So I left it in.

It's a bit like following a recipe that says to use margarine when butter is better. I used butter where it really mattered (the session ID), but kept the margarine in the recipe because that's what was written.

If this were real production code, I'd probably remove the seed_random() part entirely and just rely on secrets for everything. But for this exercise, I fixed what was flagged and kept the structure the task asked for.",Very Likely,This was an interesting exercise that felt quite realistic to what we developers encounter in real work scenarios.,ABOVE AVERAGE,AGREE,AGREE,AGREE,SOMETIMES,SOMETIMES,SOMETIMES,AGREE,SOMEHOW AGREE,SOMEHOW AGREE,SOMEHOW AGREE,AGREE,COMPLETELY DISAGREE,AGREE,AGREE,YES,NA,NA,2561.67,27.95,NA,NA,130.65,NA,NA,NA,NA,NA,NA,592.31,NA,NA,NA,NA,NA,NA,425.52,NA,NA,NA,NA,770.54,NA,365.4,NA,NA,NA,NA,NA,204.14,NA,NA,NA,NA,NA,21.53,NA,23.63,NA,NA,0,3,1,1,1,1,1,0,1,1,0,2,1,0,0,0,-1,6,1,6,4.333333333333333,2,6,3,5,1,3,5,6,5,6,5,5,5,4,6,6,5,3,3,3,3,3,3,5,4,4,4,5,6,5,5,5,5,5,0.8,0,0.4,0.5,0.5,0.5,0.4000000000000001,0.5,5.5,5.25,4.75,4.25,5.666666666666667,5,0.09999999999999992,-0.25,-0.5,-0.666666666666667
562a52d2c8ffc2000f5139dd,110,A,3,0,TRUE,FALSE,00:00:08,33,33,0,NA,NA,NA,NA,NA,NA,NA,NA,NA,NA,TRUE,FALSE,00:00:12,31,31,0,NA,NA,NA,NA,NA,NA,NA,NA,NA,NA,TRUE,TRUE,00:03:34,33,33,0,4,1,0,3,0,0,2,"B404,B602,B603,B607","blacklist,subprocess_popen_with_shell_equals_true,subprocess_without_shell_equals_true,start_process_with_partial_path","common,common,new,new",150,2026-01-10T19:53:51Z,9,en,358432095,2026-01-10T19:27:52Z,2026-01-10T19:53:51Z,562a52d2c8ffc2000f5139dd,Yes,Yes,Yes,36,Male,NA,Ireland,NA,"Undergraduate degree (BSc., BA.)",> 5 years,RARELY,OFTEN,OFTEN,ALWAYS,SOMETIMES,OFTEN,OFTEN,RARELY,RARELY,RARELY,OFTEN,OFTEN,"Rubber duck programming, exploring pros and cons of an approach before starting implementation",DISAGREE,AGREE,SOMEHOW DISAGREE,No,No,No,Yes,No,AGREE,DISAGREE,SOMEHOW DISAGREE,"Expected velocity of a software engineer has increased, people expect more from engineers and AI is a way to bridge the gap. Also my employer pushes AI use in general",AGREE,DISAGREE,SOMEHOW AGREE,COMPLETELY AGREE,SOMEHOW DISAGREE,DISAGREE,DISAGREE,SOMEHOW AGREE,AGREE,AGREE,SOMEHOW DISAGREE,761528,NO,YES,"I did use the CodeBandit scan and it made good suggestions but they were almost all for the generated code. The only suggestions for my own code were partial path on file, but I wasn't told the full path to file so I had to ignore the (helpful) suggestion.",Very Likely,No thoughts,ABOVE AVERAGE,AGREE,AGREE,SOMEHOW DISAGREE,RARELY,OFTEN,RARELY,DISAGREE,DISAGREE,DISAGREE,SOMEHOW AGREE,AGREE,SOMEHOW DISAGREE,SOMEHOW AGREE,COMPLETELY AGREE,YES,NA,NA,1562.72,18.54,NA,NA,40.77,NA,NA,NA,NA,NA,NA,81.81,NA,NA,NA,NA,NA,NA,100.88,NA,NA,NA,NA,1124.28,NA,117.27,NA,NA,NA,NA,NA,53.26,NA,NA,NA,NA,NA,13.25,NA,12.66,NA,NA,0,3,1,0,1,0,1,1,0,0,1,1,1,4,0,0,2,5,2,3,3.3333333333333335,2,5,3,5,2,3,5,5,4,6,3,2,2,4,5,5,3,2,4,2,4,2,2,2,2,2,4,5,4,4,6,5,5,3,0.8,0.2,0.4,0.75,0.25,0.25,0.4666666666666666,0.4166666666666667,5,4.75,2.75,2.5,4.333333333333333,4.333333333333333,-0.04999999999999993,-0.25,-0.25,0
692ed5436fca8c59b41c2eea,111,A,2,1,TRUE,FALSE,00:00:06,30,30,0,NA,NA,NA,NA,NA,NA,NA,NA,NA,NA,TRUE,TRUE,00:01:46,31,32,1,1,0,0,1,0,0,0,B311,blacklist,common,FALSE,FALSE,NA,31,31,0,NA,NA,NA,NA,NA,NA,NA,NA,NA,NA,155,2026-01-11T11:41:11Z,9,en,1520993820,2026-01-11T11:26:52Z,2026-01-11T11:41:11Z,692ed5436fca8c59b41c2eea,Yes,Yes,Yes,27,Male,NA,Korea (Republic of),NA,"Graduate degree (MSc., Ph.D.)",> 5 years,RARELY,RARELY,SOMETIMES,ALWAYS,OFTEN,ALWAYS,ALWAYS,ALWAYS,ALWAYS,ALWAYS,ALWAYS,SOMETIMES,Code generation,COMPLETELY DISAGREE,SOMEHOW AGREE,AGREE,No,No,No,Yes,No,SOMEHOW AGREE,DISAGREE,SOMEHOW AGREE,To improve coding efficiency,AGREE,DISAGREE,COMPLETELY AGREE,AGREE,AGREE,AGREE,SOMEHOW AGREE,AGREE,COMPLETELY AGREE,COMPLETELY AGREE,COMPLETELY AGREE,761528,YES,YES,Because the recommended contents improves my code.,Very Likely,None.,AVERAGE,COMPLETELY AGREE,COMPLETELY AGREE,COMPLETELY AGREE,NEVER,RARELY,OFTEN,COMPLETELY AGREE,COMPLETELY AGREE,AGREE,AGREE,COMPLETELY AGREE,COMPLETELY DISAGREE,COMPLETELY AGREE,COMPLETELY AGREE,YES,NA,NA,861.39,9.65,NA,NA,52.89,NA,NA,NA,NA,NA,NA,118.73,NA,NA,NA,NA,NA,NA,96.09,NA,NA,NA,NA,390.18,NA,85.12,NA,NA,NA,NA,NA,90.45,NA,NA,NA,NA,NA,7.59,NA,10.69,NA,NA,0,2,1,0,1,1,0,0,0,1,0,1,1,1,0,0,0,4,2,4,3.3333333333333335,1,4,5,6,3,5,5,5,6,5,5,5,4,5,6,6,6,1,2,4,5,4,4,6,6,5,5,6,6,6,6,6,6,6,1,0.4,0.8,1,0.75,0.75,0.7333333333333334,0.8333333333333334,5.25,6,4.75,5.5,6,6,0.09999999999999998,0.75,0.75,0
64db89316721f33ed942da45,112,A,1,2,FALSE,FALSE,NA,35,35,0,NA,NA,NA,NA,NA,NA,NA,NA,NA,NA,TRUE,TRUE,00:04:27,25,26,1,0,0,0,0,0,0,-1,B311,blacklist,fixed,FALSE,FALSE,NA,68,68,0,NA,NA,NA,NA,NA,NA,NA,NA,NA,NA,156,2026-01-11T14:48:25Z,9,en,884666732,2026-01-11T13:39:08Z,2026-01-11T14:48:25Z,64db89316721f33ed942da45,Yes,Yes,Yes,23,Female,NA,South Africa,NA,"Undergraduate degree (BSc., BA.)",2 to 3 years,OFTEN,OFTEN,ALWAYS,OFTEN,OFTEN,ALWAYS,OFTEN,OFTEN,ALWAYS,OFTEN,ALWAYS,ALWAYS,"No, the survey covered all of them",COMPLETELY DISAGREE,SOMEHOW AGREE,COMPLETELY DISAGREE,No,No,No,Yes,No,AGREE,SOMEHOW DISAGREE,COMPLETELY AGREE,"It is evolving, and it's a good thing to be advanced in different skills and ways.",COMPLETELY AGREE,COMPLETELY DISAGREE,AGREE,COMPLETELY AGREE,AGREE,AGREE,AGREE,SOMEHOW AGREE,COMPLETELY AGREE,COMPLETELY AGREE,COMPLETELY AGREE,761528,NO,YES,I didn't understand the prompts so I opted into coding how I know.,Very Likely,"The greyed out instruction was a bit blurry, so I struggled to read through",ABOVE AVERAGE,AGREE,SOMEHOW AGREE,SOMEHOW AGREE,SOMETIMES,ALWAYS,RARELY,AGREE,SOMEHOW AGREE,SOMEHOW AGREE,SOMEHOW AGREE,AGREE,AGREE,SOMEHOW AGREE,AGREE,YES,NA,NA,4159.09,37.59,NA,NA,66.44,NA,NA,NA,NA,NA,NA,141.95,NA,NA,NA,NA,NA,NA,100.05,NA,NA,NA,NA,3580.49,NA,89.84,NA,NA,NA,NA,NA,92.81,NA,NA,NA,NA,NA,13.96,NA,35.96,NA,NA,0,1,0,0,1,1,0,0,0,1,0,1,1,0,0,0,-1,5,3,6,4.666666666666667,1,4,1,6,3,1,6,6,5,6,5,5,5,4,6,6,6,3,5,2,3,1,2,5,4,4,4,5,2,4,5,5,4,4,1,0.4,0,0.5,0,0.25,0.4666666666666666,0.25,5.75,4,4.75,4.25,6,4.333333333333333,-0.21666666666666662,-1.75,-0.5,-1.666666666666667
658054690a72503441d25c4f,114,A,3,0,TRUE,FALSE,00:00:05,34,34,0,NA,NA,NA,NA,NA,NA,NA,NA,NA,NA,TRUE,FALSE,00:00:23,31,31,0,NA,NA,NA,NA,NA,NA,NA,NA,NA,NA,TRUE,FALSE,00:02:29,40,40,0,NA,NA,NA,NA,NA,NA,NA,NA,NA,NA,159,2026-01-12T03:15:10Z,9,en,1501124062,2026-01-12T02:55:22Z,2026-01-12T03:15:10Z,658054690a72503441d25c4f,Yes,Yes,Yes,48,Male,NA,Germany,NA,"Graduate degree (MSc., Ph.D.)",> 5 years,SOMETIMES,SOMETIMES,RARELY,SOMETIMES,SOMETIMES,SOMETIMES,OFTEN,SOMETIMES,SOMETIMES,SOMETIMES,OFTEN,SOMETIMES,Benchmarking,SOMEHOW DISAGREE,SOMEHOW DISAGREE,SOMEHOW AGREE,No,No,No,Yes,No,AGREE,SOMEHOW AGREE,SOMEHOW AGREE,"AI is getting important day by day. To keep myself up to date, I try to utilise AI.",SOMEHOW AGREE,SOMEHOW DISAGREE,SOMEHOW AGREE,SOMEHOW AGREE,SOMEHOW AGREE,SOMEHOW DISAGREE,SOMEHOW DISAGREE,SOMEHOW AGREE,AGREE,AGREE,AGREE,761528,YES,YES,"Some recommendations are not so important, I try to achieve functionality.",Somewhat Unlikely,"It was not clear of your intention, if it is to have the code written with AI or Human.",AVERAGE,SOMEHOW AGREE,SOMEHOW AGREE,SOMEHOW AGREE,SOMETIMES,OFTEN,SOMETIMES,SOMEHOW AGREE,SOMEHOW DISAGREE,SOMEHOW DISAGREE,SOMEHOW AGREE,SOMEHOW AGREE,SOMEHOW AGREE,SOMEHOW AGREE,SOMEHOW AGREE,YES,NA,NA,1191.09,7.72,NA,NA,52.77,NA,NA,NA,NA,NA,NA,111.59,NA,NA,NA,NA,NA,NA,101.44,NA,NA,NA,NA,678.58,NA,139.93,NA,NA,NA,NA,NA,46.01,NA,NA,NA,NA,NA,35.81,NA,17.24,NA,NA,0,3,1,0,1,0,1,0,0,0,0,0,0,0,0,0,0,5,4,4,4.333333333333333,3,3,4,4,4,4,4,4,4,4,4,3,3,4,5,5,5,3,4,3,3,2,3,4,3,3,4,4,3,4,4,4,4,4,0.6,0.6,0.6,0.5,0.25,0.5,0.6,0.4166666666666667,4,3.75,3.5,3.5,5,4,-0.1833333333333333,-0.25,0,-1
66463e4efb99fba5a67a010a,115,B,3,0,TRUE,FALSE,00:00:09,34,34,0,NA,NA,NA,NA,NA,NA,NA,NA,NA,NA,TRUE,TRUE,00:00:52,43,43,0,1,0,0,1,0,0,0,B311,blacklist,common,TRUE,FALSE,00:00:03,43,43,0,NA,NA,NA,NA,NA,NA,NA,NA,NA,NA,161,2026-01-12T19:05:23Z,9,en,767732856,2026-01-12T18:51:21Z,2026-01-12T19:05:23Z,66463e4efb99fba5a67a010a,Yes,Yes,Yes,32,Male,NA,United States of America,NA,"Undergraduate degree (BSc., BA.)",> 5 years,ALWAYS,ALWAYS,ALWAYS,ALWAYS,ALWAYS,ALWAYS,OFTEN,ALWAYS,OFTEN,OFTEN,OFTEN,ALWAYS,Generating brand assets.,COMPLETELY DISAGREE,COMPLETELY DISAGREE,COMPLETELY DISAGREE,No,No,No,Yes,No,AGREE,COMPLETELY AGREE,COMPLETELY AGREE,It provides me access to code faster than I could before but also explore new avenues that I couldn't have thought of before without the amount of data set LLMs hold.,COMPLETELY AGREE,COMPLETELY DISAGREE,COMPLETELY AGREE,COMPLETELY AGREE,COMPLETELY AGREE,COMPLETELY AGREE,COMPLETELY AGREE,COMPLETELY AGREE,COMPLETELY AGREE,COMPLETELY AGREE,COMPLETELY AGREE,761528,NO,YES,I followed it because I wanted to make sure I adhered to security issues.,Very Likely,n/a,ABOVE AVERAGE,COMPLETELY AGREE,COMPLETELY AGREE,COMPLETELY AGREE,NEVER,NEVER,NEVER,COMPLETELY AGREE,COMPLETELY AGREE,COMPLETELY AGREE,COMPLETELY AGREE,COMPLETELY AGREE,COMPLETELY DISAGREE,COMPLETELY AGREE,COMPLETELY AGREE,YES,NA,NA,844.41,6.56,NA,NA,26.03,NA,NA,NA,NA,NA,NA,25.85,NA,NA,NA,NA,NA,NA,41.99,NA,NA,NA,NA,679.17,NA,35.7,NA,NA,NA,NA,NA,15.61,NA,NA,NA,NA,NA,6.05,NA,7.45,NA,NA,1,3,1,0,1,1,1,0,0,1,0,1,1,1,0,0,0,5,6,6,5.666666666666667,1,1,1,6,6,1,6,6,6,6,6,6,6,6,6,6,6,1,1,1,5,5,1,6,6,6,6,6,6,6,6,6,6,6,1,1,0,1,1,0,0.6666666666666666,0.6666666666666666,6,6,6,6,6,6,0,0,0,0
5d0845f9e4b46500019376af,117,B,3,0,TRUE,FALSE,00:00:11,35,35,0,NA,NA,NA,NA,NA,NA,NA,NA,NA,NA,TRUE,FALSE,00:00:46,31,31,0,NA,NA,NA,NA,NA,NA,NA,NA,NA,NA,TRUE,FALSE,00:00:38,32,32,0,NA,NA,NA,NA,NA,NA,NA,NA,NA,NA,163,2026-01-13T00:14:53Z,9,en,1084690453,2026-01-12T23:50:44Z,2026-01-13T00:14:53Z,5d0845f9e4b46500019376af,Yes,Yes,Yes,29,Female,NA,United States of America,NA,"Undergraduate degree (BSc., BA.)",< 1 year,NEVER,NEVER,RARELY,NEVER,NEVER,NEVER,NEVER,NEVER,NEVER,NEVER,NEVER,NEVER,not at all,AGREE,AGREE,DISAGREE,No,No,No,Yes,No,DISAGREE,DISAGREE,SOMEHOW DISAGREE,Nothing really motivates me to engage with GenAI for coding purposes.,COMPLETELY AGREE,COMPLETELY DISAGREE,COMPLETELY AGREE,COMPLETELY AGREE,DISAGREE,DISAGREE,DISAGREE,DISAGREE,SOMEHOW AGREE,SOMEHOW AGREE,DISAGREE,761528,NO,YES,"So for the first task, the tool warned against using genAI to generate numbers used in cryptography. The number was being used to save a session_id to a file, which seemed to be fine.
There were no issues for the second task.
The third task wanted a script that would run all of these shell commands/scripts that the user specifies. The instructions for the task did not mention the need for any safety concerns, so I assumed the script would be for a sort of internal use only kind of thing. The script as a whole didn't feel like it would be public-facing, so I didn't worry about it, basically.",Very Likely,"Coming into this study, I was a very firm believer in not using genAI for programming at all. I still very much am a believe in not using genAI for programming at all. Even for boilerplate stuff, I think it's better to just write it out on your own. I don't want to depend on anything.",ABOVE AVERAGE,SOMEHOW AGREE,SOMEHOW AGREE,DISAGREE,OFTEN,ALWAYS,NEVER,DISAGREE,DISAGREE,DISAGREE,DISAGREE,COMPLETELY AGREE,COMPLETELY DISAGREE,COMPLETELY AGREE,COMPLETELY AGREE,YES,NA,NA,1452.92,32.91,NA,NA,41.57,NA,NA,NA,NA,NA,NA,81.37,NA,NA,NA,NA,NA,NA,78.38,NA,NA,NA,NA,790.39,NA,290.51,NA,NA,NA,NA,NA,73.83,NA,NA,NA,NA,NA,52.39,NA,11.57,NA,NA,1,3,1,0,1,0,1,0,0,0,0,0,0,0,0,0,0,2,2,3,2.3333333333333335,5,5,2,2,2,2,6,6,6,6,2,2,2,2,4,4,2,4,5,1,2,1,1,2,2,2,2,6,6,6,6,4,4,2,0.2,0.2,0.2,0.25,0,0,0.20000000000000004,0.08333333333333333,6,6,2,2,3.3333333333333335,3.3333333333333335,-0.11666666666666671,0,0,0
5e6f570ab3d22551924c818a,118,B,3,0,TRUE,FALSE,00:00:11,31,31,0,NA,NA,NA,NA,NA,NA,NA,NA,NA,NA,TRUE,TRUE,00:00:52,28,28,0,1,0,0,1,0,0,0,B311,blacklist,common,TRUE,FALSE,00:00:58,30,30,0,NA,NA,NA,NA,NA,NA,NA,NA,NA,NA,165,2026-01-13T20:50:56Z,9,en,117213361,2026-01-13T20:06:01Z,2026-01-13T20:50:56Z,5e6f570ab3d22551924c818a,Yes,Yes,Yes,44,Male,NA,Mexico,NA,"Graduate degree (MSc., Ph.D.)",> 5 years,RARELY,ALWAYS,OFTEN,SOMETIMES,RARELY,SOMETIMES,OFTEN,SOMETIMES,RARELY,RARELY,NEVER,NEVER,"Analyzing exception, error messages & tracebacks on third-party libraries & code.",AGREE,COMPLETELY AGREE,COMPLETELY DISAGREE,No,No,No,Yes,No,SOMEHOW AGREE,COMPLETELY DISAGREE,SOMEHOW DISAGREE,My employer requires me to do so. To automate tedious repetitive boilerplate tasks.,AGREE,SOMEHOW DISAGREE,SOMEHOW AGREE,AGREE,DISAGREE,COMPLETELY DISAGREE,COMPLETELY DISAGREE,COMPLETELY DISAGREE,SOMEHOW DISAGREE,SOMEHOW DISAGREE,DISAGREE,761528,NO,YES,The security recommendations did not apply to the use cases.,Very Likely,"Only task 1 had the correct original code, the rest of the tasks had the ""read-only"" code for the first task.",AVERAGE,SOMEHOW DISAGREE,SOMEHOW DISAGREE,SOMEHOW DISAGREE,OFTEN,ALWAYS,NEVER,DISAGREE,COMPLETELY DISAGREE,COMPLETELY DISAGREE,COMPLETELY DISAGREE,AGREE,SOMEHOW DISAGREE,SOMEHOW AGREE,AGREE,YES,NA,NA,2695.57,52.53,NA,NA,83.44,NA,NA,NA,NA,NA,NA,177.35,NA,NA,NA,NA,NA,NA,135.04,NA,NA,NA,NA,1988.31,NA,75.22,NA,NA,NA,NA,NA,69.29,NA,NA,NA,NA,NA,30.12,NA,84.27,NA,NA,1,3,1,0,1,1,1,0,0,1,0,1,1,1,0,0,0,4,1,3,2.6666666666666665,5,6,1,2,1,1,5,4,4,5,2,1,1,1,3,3,2,4,5,1,2,1,1,2,1,1,1,5,4,4,5,3,3,3,0.2,0,0,0.25,0,0,0.06666666666666667,0.08333333333333333,4.5,4.5,1.25,1.25,2.6666666666666665,3,0.016666666666666663,0,0,0.3333333333333335
65b16b33c01181795aafb797,119,B,3,0,TRUE,FALSE,00:00:08,32,32,0,NA,NA,NA,NA,NA,NA,NA,NA,NA,NA,TRUE,FALSE,00:00:16,31,31,0,NA,NA,NA,NA,NA,NA,NA,NA,NA,NA,TRUE,FALSE,00:01:11,32,32,0,NA,NA,NA,NA,NA,NA,NA,NA,NA,NA,166,NA,8,en,234253747,2026-01-14T19:40:54Z,2026-01-14T20:06:45Z,65b16b33c01181795aafb797,Yes,Yes,Yes,31,Male,NA,Finland,NA,"Graduate degree (MSc., Ph.D.)",> 5 years,SOMETIMES,ALWAYS,ALWAYS,ALWAYS,RARELY,ALWAYS,ALWAYS,ALWAYS,OFTEN,OFTEN,ALWAYS,OFTEN,Get insights on design and architecture.,COMPLETELY DISAGREE,SOMEHOW AGREE,DISAGREE,No,Yes,No,No,No,AGREE,COMPLETELY AGREE,AGREE,To keep up with the latest technological trends.,AGREE,SOMEHOW DISAGREE,DISAGREE,COMPLETELY AGREE,AGREE,AGREE,SOMEHOW DISAGREE,AGREE,COMPLETELY AGREE,COMPLETELY AGREE,COMPLETELY AGREE,761528,YES,YES,"The tool's recommendations were a bit vague and did not provide enough context. Also, without knowing the full context of the coding task that I'm doing, it's hard to follows the tool's recommendation. If I know what is the end goal, then I can properly evaluate tool's recommendations.",Very Likely,"I feel like if the tool gave more explanation or insights why these recommendations are given, then it would be more helpful.",AVERAGE,COMPLETELY AGREE,COMPLETELY AGREE,COMPLETELY AGREE,NEVER,SOMETIMES,RARELY,COMPLETELY AGREE,AGREE,SOMEHOW AGREE,AGREE,AGREE,SOMEHOW DISAGREE,SOMEHOW DISAGREE,COMPLETELY AGREE,YES,NA,NA,1553.43,20.4,NA,NA,63.51,NA,NA,NA,NA,NA,NA,121.9,NA,NA,NA,NA,NA,NA,79.12,NA,NA,NA,NA,1022.49,NA,121.38,NA,NA,NA,NA,NA,81.17,NA,NA,NA,NA,NA,43.46,NA,NA,NA,NA,1,3,1,0,1,0,1,0,0,0,0,0,0,0,0,0,0,5,6,5,5.333333333333333,1,4,2,6,3,2,5,4,2,6,5,5,3,5,6,6,6,1,3,2,5,3,2,6,5,4,5,5,4,3,6,6,6,6,1,0.4,0.2,1,0.5,0.25,0.5333333333333333,0.5833333333333334,4.25,4.5,4.5,5,6,6,0.050000000000000044,0.25,0.5,0
5bec01bfe9b3490001e63ff4,120,B,3,0,TRUE,FALSE,00:01:00,38,38,0,NA,NA,NA,NA,NA,NA,NA,NA,NA,NA,TRUE,TRUE,00:02:30,35,35,0,0,0,0,0,0,0,-1,B311,blacklist,fixed,TRUE,TRUE,00:06:02,43,56,13,4,0,0,4,-1,0,3,"B404,B602,B603,B607","blacklist,subprocess_popen_with_shell_equals_true,subprocess_without_shell_equals_true,start_process_with_partial_path","common,fixed,new,new",168,2026-01-15T11:55:43Z,9,en,1990143997,2026-01-15T11:26:49Z,2026-01-15T11:55:43Z,5bec01bfe9b3490001e63ff4,Yes,Yes,Yes,33,Male,NA,Poland,NA,"Graduate degree (MSc., Ph.D.)",> 5 years,RARELY,SOMETIMES,OFTEN,ALWAYS,RARELY,ALWAYS,OFTEN,ALWAYS,OFTEN,OFTEN,OFTEN,OFTEN,No,COMPLETELY DISAGREE,DISAGREE,SOMEHOW DISAGREE,No,No,No,Yes,No,COMPLETELY AGREE,AGREE,AGREE,It just help me working faster and more effectively.,COMPLETELY AGREE,DISAGREE,SOMEHOW DISAGREE,COMPLETELY AGREE,AGREE,SOMEHOW AGREE,SOMEHOW AGREE,SOMEHOW AGREE,COMPLETELY AGREE,COMPLETELY AGREE,COMPLETELY AGREE,761528,YES,YES,Because they seemed reasonable + I've additionally confirmed that with external GenAI tool to be sure.,Somewhat Likely,I do not have any additional comments.,AVERAGE,COMPLETELY AGREE,COMPLETELY AGREE,COMPLETELY AGREE,NEVER,SOMETIMES,SOMETIMES,AGREE,SOMEHOW AGREE,SOMEHOW AGREE,SOMEHOW AGREE,COMPLETELY AGREE,DISAGREE,SOMEHOW AGREE,COMPLETELY AGREE,YES,NA,NA,1737.25,6.71,NA,NA,46.59,NA,NA,NA,NA,NA,NA,72.61,NA,NA,NA,NA,NA,NA,87.03,NA,NA,NA,NA,1307.21,NA,82.68,NA,NA,NA,NA,NA,71.29,NA,NA,NA,NA,NA,45.79,NA,17.34,NA,NA,1,3,1,0,1,1,1,1,0,1,1,2,1,4,-1,0,2,6,5,5,5.333333333333333,1,2,3,6,5,3,6,5,3,6,5,4,4,4,6,6,6,1,3,3,5,3,3,5,4,4,4,6,5,4,6,6,6,6,1,0.8,0.4,1,0.5,0.5,0.7333333333333334,0.6666666666666666,5,5.25,4.25,4.25,6,6,-0.06666666666666676,0.25,0,0
5ec84e710b73c13203ba9f3f,121,A,3,0,TRUE,TRUE,00:01:04,39,42,3,0,0,0,0,0,0,0,NA,NA,NA,TRUE,FALSE,00:00:11,22,22,0,NA,NA,NA,NA,NA,NA,NA,NA,NA,NA,TRUE,TRUE,00:09:10,40,49,9,3,0,0,3,-1,0,2,"B404,B602,B603","blacklist,subprocess_popen_with_shell_equals_true,subprocess_without_shell_equals_true","common,fixed,new",170,2026-01-15T20:41:55Z,9,en,1178851095,2026-01-15T20:04:15Z,2026-01-15T20:41:55Z,5ec84e710b73c13203ba9f3f,Yes,Yes,Yes,25,Male,NA,Hungary,NA,"Undergraduate degree (BSc., BA.)",1 to 2 years,NEVER,ALWAYS,RARELY,OFTEN,NEVER,SOMETIMES,NEVER,RARELY,RARELY,RARELY,OFTEN,SOMETIMES,Not really,SOMEHOW DISAGREE,SOMEHOW AGREE,SOMEHOW DISAGREE,No,No,No,Yes,No,SOMEHOW AGREE,DISAGREE,DISAGREE,"Perhaps just asking a question what kind of software, library, or anything should a developer use.
For example: which search engine should i use?",SOMEHOW AGREE,SOMEHOW DISAGREE,AGREE,SOMEHOW AGREE,SOMEHOW DISAGREE,SOMEHOW DISAGREE,SOMEHOW DISAGREE,SOMEHOW AGREE,SOMEHOW AGREE,SOMEHOW AGREE,SOMEHOW DISAGREE,761528,YES,YES,"It always made sense, i just could not apply it every time properly",Likely,Suggestions on how to fix it might be useful,BELOW AVERAGE,AGREE,AGREE,SOMEHOW AGREE,RARELY,OFTEN,SOMETIMES,SOMEHOW DISAGREE,SOMEHOW DISAGREE,SOMEHOW DISAGREE,SOMEHOW AGREE,SOMEHOW DISAGREE,DISAGREE,AGREE,AGREE,YES,NA,NA,2261.81,17.28,NA,NA,63.62,NA,NA,NA,NA,NA,NA,150.07,NA,NA,NA,NA,NA,NA,254.31,NA,NA,NA,NA,1508.2,NA,87.05,NA,NA,NA,NA,NA,125,NA,NA,NA,NA,NA,44.24,NA,12.04,NA,NA,0,3,1,1,1,0,1,1,1,0,1,2,1,3,-1,0,2,4,2,2,2.6666666666666665,3,4,3,4,3,3,4,4,5,4,3,3,3,4,4,4,3,2,4,3,4,2,3,3,3,3,4,3,5,5,5,5,5,4,0.6,0.4,0.4,0.75,0.25,0.5,0.4666666666666666,0.5,4.25,4.5,3.25,3.25,3.6666666666666665,4.666666666666667,0.03333333333333338,0.25,0,1.0000000000000004
5f216c1707456f055831aa5d,122,A,3,0,TRUE,FALSE,00:00:19,32,32,0,NA,NA,NA,NA,NA,NA,NA,NA,NA,NA,TRUE,FALSE,00:00:04,98,98,0,NA,NA,NA,NA,NA,NA,NA,NA,NA,NA,TRUE,FALSE,00:00:31,112,112,0,NA,NA,NA,NA,NA,NA,NA,NA,NA,NA,171,2026-01-17T14:28:43Z,9,en,771066694,2026-01-17T14:01:22Z,2026-01-17T14:28:43Z,5f216c1707456f055831aa5d,Yes,Yes,Yes,37,Male,NA,Germany,NA,"Graduate degree (MSc., Ph.D.)",> 5 years,SOMETIMES,OFTEN,ALWAYS,ALWAYS,RARELY,OFTEN,OFTEN,RARELY,SOMETIMES,OFTEN,OFTEN,SOMETIMES,asking more generic programming questions to learn,COMPLETELY DISAGREE,AGREE,DISAGREE,No,No,No,Yes,No,COMPLETELY AGREE,SOMEHOW AGREE,AGREE,I want to test what the current tech is capable of so I can make informed decisions.,DISAGREE,SOMEHOW DISAGREE,COMPLETELY DISAGREE,DISAGREE,SOMEHOW AGREE,SOMEHOW AGREE,SOMEHOW AGREE,AGREE,COMPLETELY AGREE,COMPLETELY AGREE,AGREE,761528,YES,YES,I followed the run security check suggestion but it felt so fake.. I don't know if it was really checking something. So I didn't really bother for task 2 and 3. I clicked but didn'T really check the issues.,Somewhat Unlikely,The way that I just need to compelte a part of the code but the security scans check all of the code is confusing. Should I have fixed all of the code?,AVERAGE,COMPLETELY AGREE,COMPLETELY AGREE,AGREE,SOMETIMES,OFTEN,SOMETIMES,SOMEHOW AGREE,SOMEHOW AGREE,SOMEHOW AGREE,AGREE,DISAGREE,SOMEHOW DISAGREE,DISAGREE,SOMEHOW DISAGREE,YES,NA,NA,1644.35,9.88,NA,NA,37.54,NA,NA,NA,NA,NA,NA,106.52,NA,NA,NA,NA,NA,NA,97.34,NA,NA,NA,NA,1151.14,NA,117.01,NA,NA,NA,NA,NA,81.62,NA,NA,NA,NA,NA,30.69,NA,12.61,NA,NA,0,3,1,0,1,0,1,0,0,0,0,0,0,0,0,0,0,6,4,5,5,1,5,2,6,2,2,2,4,1,2,4,4,4,5,6,6,5,3,4,3,3,2,3,4,4,4,5,2,4,2,3,6,6,5,1,0.2,0.2,0.5,0.25,0.5,0.4666666666666666,0.4166666666666667,2.25,2.75,4.25,4.25,5.666666666666667,5.666666666666667,-0.04999999999999993,0.5,0,0
56cb8858edf8da000b6df354,123,A,3,0,TRUE,FALSE,00:00:05,30,30,0,NA,NA,NA,NA,NA,NA,NA,NA,NA,NA,TRUE,FALSE,00:00:34,30,30,0,NA,NA,NA,NA,NA,NA,NA,NA,NA,NA,TRUE,FALSE,00:00:42,38,38,0,NA,NA,NA,NA,NA,NA,NA,NA,NA,NA,172,2026-01-19T18:37:39Z,9,en,371019594,2026-01-19T18:15:57Z,2026-01-19T18:37:39Z,56cb8858edf8da000b6df354,Yes,Yes,Yes,24,Male,NA,Greece,NA,"Graduate degree (MSc., Ph.D.)",< 1 year,RARELY,SOMETIMES,RARELY,OFTEN,RARELY,SOMETIMES,OFTEN,SOMETIMES,SOMETIMES,OFTEN,SOMETIMES,SOMETIMES,Finding more efficient approaches,DISAGREE,DISAGREE,SOMEHOW DISAGREE,No,No,No,Yes,No,SOMEHOW AGREE,SOMEHOW DISAGREE,AGREE,"Seeing the improvements made security-wise in coding, since a few months ago AI generated code was full of security issues.",AGREE,DISAGREE,SOMEHOW DISAGREE,COMPLETELY AGREE,SOMEHOW AGREE,SOMEHOW AGREE,SOMEHOW DISAGREE,SOMEHOW DISAGREE,COMPLETELY AGREE,COMPLETELY AGREE,AGREE,761528,NO,YES,"I did not. My task was to only complete the missing functions. The security issues were on other parts of the code, and the one time it was on my part, it was a warning that my function run a shell script without checking it first, which is dangerous, but it was what the tast asked me to do.",Likely,"The top part of the helper code did not work, it was stuck with the code from the first task only and did not update later.",AVERAGE,COMPLETELY AGREE,COMPLETELY AGREE,AGREE,RARELY,RARELY,SOMETIMES,AGREE,AGREE,SOMEHOW AGREE,SOMEHOW DISAGREE,AGREE,SOMEHOW DISAGREE,SOMEHOW AGREE,COMPLETELY AGREE,YES,NA,NA,1304.13,6.82,NA,NA,38.42,NA,NA,NA,NA,NA,NA,68.63,NA,NA,NA,NA,NA,NA,92.32,NA,NA,NA,NA,924.27,NA,95.88,NA,NA,NA,NA,NA,45.52,NA,NA,NA,NA,NA,25.06,NA,7.21,NA,NA,0,3,1,0,1,0,1,0,0,0,0,0,0,0,0,0,0,4,3,5,4,2,2,3,5,5,3,5,5,3,6,4,4,3,3,6,6,5,2,2,3,4,4,3,5,5,4,3,5,4,4,6,6,6,5,0.8,0.8,0.4,0.75,0.75,0.5,0.6666666666666666,0.6666666666666666,4.75,4.75,3.5,4.25,5.666666666666667,5.666666666666667,0,0,0.75,0
